date,white_noise,ar1_phi_075,ar1_phi_neg_065,ma1_theta_070,random_walk_price,arima_price
2024-01-02,0.6366033914118914,0.0,0.0,0.6366033914118914,98.37295602332449,100.0
2024-01-03,-1.2255299187110698,-1.2255299187110698,-1.2255299187110698,-0.7799075447227458,99.38501540922525,102.58242318869446
2024-01-04,0.23287523257300355,-0.6862722064602987,1.029469679735199,-0.6249957105247452,99.29902965528113,104.93306457034907
2024-01-05,-0.9013322370602812,-1.4160363919055052,-1.5704875288881606,-0.7383195742591787,99.27796222081788,105.98172612074497
2024-01-08,-0.5863798887358305,-1.6484071826649593,0.43443700504147387,-1.2173124546780274,99.41580758660876,105.54312106242463
2024-01-09,0.2779833004633182,-0.9583220865354013,-0.00440075281363983,-0.1324826216517631,99.09589524545862,105.41378852533875
2024-01-10,0.8054137799398718,0.0866722150383209,0.8082742692687377,1.0000020902641946,99.36806108559986,104.87728146994773
2024-01-11,1.38654675170384,1.4515509129825805,0.8611684766791604,1.9503363976617503,101.17605916039629,104.20069171823457
2024-01-12,-0.8022088102670425,0.28645437446989297,-1.3619683201084967,0.16837391592564532,99.63707969861879,103.80019198330989
2024-01-15,0.8094827651759504,1.0243235460283702,1.6947621732464733,0.24793659798902068,98.3751472972316,103.95814035475757
2024-01-16,-0.016934338961166008,0.7513083205601117,-1.1185297515713737,0.5497035966619992,95.62108867419198,106.0191167819192
2024-01-17,-1.127470310436621,-0.5639890700165373,-0.4004259719152281,-1.1393243477094372,96.71136442225914,107.3720650042169
2024-01-18,0.344077623021908,-0.078914179490495,0.6043545047668062,-0.4451515942837267,96.27517044587614,107.80900223570615
2024-01-19,-0.5460253502294526,-0.6052109848473239,-0.9388557783278767,-0.30517101411411707,97.25499895655692,108.19675967657712
2024-01-22,0.3783164441826578,-0.07559179445283515,0.9885727000957776,-0.0039013009779590435,97.96286473192517,108.1742329703681
2024-01-23,-0.42099603620843984,-0.4776898820480662,-1.0635682912706952,-0.1561745252805794,97.92713493218963,108.27939835852307
2024-01-24,0.7429542377117021,0.3846868261756525,1.434273627037654,0.44825701236579424,98.62440141340609,108.48075397870163
2024-01-25,-0.7981693821273931,-0.5096542624956537,-1.7304472397018682,-0.27810141572920166,99.32824902722302,108.60712943306635
2024-01-26,-0.04603958133657777,-0.42828027820831804,1.0787511244696366,-0.604758148825753,99.33872554115844,108.88188478728429
2024-01-29,-0.45898528280269096,-0.7801954914589295,-1.1601735137079547,-0.4912129897382954,99.03503093396021,109.5763616382669
2024-01-30,0.239867362318744,-0.34527925627545314,0.9939801462289146,-0.08142233564313966,100.49156167874332,109.82546490040139
2024-01-31,-0.904054814417377,-1.163014256623967,-1.5501419094661715,-0.7361476607942562,100.8313748264633,108.98554490308703
2024-02-01,-0.21784485888102675,-1.0901055513490019,0.7897473822719848,-0.8506832289731906,99.45700441442936,107.39489650611259
2024-02-02,0.5918182053532929,-0.22576095815845854,0.07848240687650276,0.43932680413657416,98.70992598725084,106.65929070573532
2024-02-05,1.5083622186354557,1.3390415000166118,1.457348654165729,1.9226349623827608,99.07974214301629,106.01049995909803
2024-02-06,0.5940590171199871,1.598340142132446,-0.35321760808773683,1.649912570164806,99.45890330118809,105.20828340956027
2024-02-07,1.4650395839473218,2.6637946905466565,1.6946310292043507,1.8808808959313128,100.5199125464359,105.33541649545002
2024-02-08,0.14208680968353588,2.1399328275935283,-0.959423359299292,1.167614518446661,102.08399236811829,105.66907640260945
2024-02-09,0.4123313905627118,2.0172810112578583,1.0359565741072516,0.5117921573411869,103.05673425508218,106.57013392516666
2024-02-12,1.9122835969491112,3.425244355392505,1.2389118237793977,2.2009155703430094,102.56942087794171,107.67096834479744
2024-02-13,1.3067304726776579,3.8756637392220368,0.5014377872210494,2.6453289905420356,102.58582166381488,108.69840497802304
2024-02-14,-0.8597383770512197,2.0470094273653077,-1.1856729387449019,0.05497295382314071,102.72467829941894,107.55557704541744
2024-02-15,0.9251154884849297,2.4603725590089107,1.695802898669116,0.323298624549076,101.64358683610868,105.73710068150858
2024-02-16,1.0745636118168824,2.9198430310735652,-0.02770827231804307,1.722144453756333,103.01761643327227,104.89391909355089
2024-02-19,-1.2559234571563909,0.9339588161487831,-1.237913080149663,-0.5037289288845732,103.66908107400597,105.94371597203845
2024-02-20,0.3102179818655343,1.0106870939771215,1.1148614839628153,-0.5689284381439392,104.53155154519865,107.13124638382787
2024-02-21,1.2433933050996642,2.0014086255825054,0.5187333405238342,1.4605458924055381,103.13844221116062,106.44500710214744
2024-02-22,0.251913751567327,1.752970220754206,-0.0852629197731653,1.1222890651370918,102.36374603075815,105.14530796188377
2024-02-23,-0.21765922317615202,1.0970684423895025,-0.16223832532359458,-0.041319597079023135,103.80098879865706,104.93824050736261
2024-02-26,-1.575459978070263,-0.7526586462781361,-1.4700050666099265,-1.7278214342935694,103.73899787403624,106.73863193514563
2024-02-27,0.6821809353822267,0.11768695067362467,1.6376842286786788,-0.42064104926695733,104.66333030856089,107.74583329326218
2024-02-28,-1.9059746094668224,-1.8177093964616038,-2.9704693581079638,-1.4284479546992639,103.06364252569044,109.50728409088092
2024-02-29,1.2306373102468249,-0.13264473709937796,3.1614423930170013,-0.10354491637995067,102.81759286121503,109.64359601772082
2024-03-01,0.548981272566914,0.4494977197423805,-1.5059562828941369,1.4104273897396915,105.78138083214591,109.75019197804824
2024-03-04,-2.956641624677203,-2.619518334870418,-1.9777700407960142,-2.5723547338803634,106.46409101856882,110.26347605587694
2024-03-05,-0.9175258850002634,-2.882164636153077,0.36802464151714576,-2.9871750222743056,106.68887105673656,110.42740188905091
2024-03-06,1.1249532496616497,-1.036670227453158,0.8857372326755049,0.4826851301614653,105.61952589651106,111.21109502530436
2024-03-07,0.5089297192891271,-0.26857295130074144,-0.06679948194995111,1.296396994052282,108.12160411663045,113.76055445085916
2024-03-08,-1.4969818944293118,-1.698411607904868,-1.4535622311618437,-1.1407310909269228,107.96756615197326,115.29392332210034
2024-03-11,-0.5783783498812662,-1.8521870558099172,0.3664371003739322,-1.6262656759817844,108.75818112644232,117.21111774581406
2024-03-12,0.6537776797122995,-0.7353626121451383,0.41559356446924356,0.24891283479541315,111.19995731422802,118.91936699322754
2024-03-13,-1.9049272211357053,-2.456449180244559,-2.1750630380407134,-1.4472828453370958,112.29804431629267,119.49527246273153
2024-03-14,-1.4493448691835589,-3.2916817543669783,-0.035553894457095,-2.7827939239785526,113.79805586470634,120.9856095914576
2024-03-15,0.35984121453455015,-2.1089201012406837,0.3829512459316619,-0.654700193893941,113.52251828910588,122.89330544449419
2024-03-18,-0.3272844567847211,-1.9089745327152339,-0.5762027666403013,-0.07539560661053601,114.00142842966684,123.44910638269683
2024-03-19,-1.2774559498270655,-2.7091868493634905,-0.9029241515108696,-1.5065550695763703,113.43404909498967,123.34332696154084
2024-03-20,0.0843967457039025,-1.9474933913187154,0.6712974441859678,-0.8098224191750432,109.83973326220952,124.59414250991695
2024-03-21,0.11266959007492477,-1.3479504534141116,-0.32367374864595433,0.17174731206765653,110.77544476427097,125.01461712343968
2024-03-22,0.5461073883846715,-0.46485545167591213,0.7564953250045419,0.6249761014371189,109.60446799579337,124.84117156951385
2024-03-25,1.0742938256294141,0.72565223687248,0.5825718643764619,1.4565689974986842,108.93309718332871,124.56619991907661
2024-03-26,-1.7744162257079181,-1.230177048053558,-2.1530879375526184,-1.0224105477673282,109.81386534041236,124.7366172974775
2024-03-27,-1.394392018944935,-2.3170248049851034,0.005115140464267087,-2.6364833769404776,111.18126997036173,126.03858635436103
2024-03-28,0.7134443239801975,-1.02432427975863,0.710119482678424,-0.262630089281257,111.17691138588243,126.50259774095878
2024-03-29,-0.17653851682808946,-0.944781726647062,-0.638116180569065,0.3228725099580488,111.3406418337031,126.95842586968352
2024-04-01,0.13224815784998506,-0.5763381371353113,0.5470236752198774,0.008671196070322448,111.28823692449635,127.03930216406589
2024-04-02,0.3558314012237282,-0.07642220162775532,0.00026601233080786324,0.4484051117187177,111.24209864240903,125.55060562679908
2024-04-03,0.22219005449936996,0.1648734032785535,0.22201714648434484,0.47127203535597967,110.50314556153864,125.60344118240843
2024-04-04,-0.21524097182817942,-0.0915859193692643,-0.3595521170430036,-0.059707933678620456,108.7053598909412,125.1271962602749
2024-04-05,-0.15919500068460235,-0.22788444021155058,0.07451387539335,-0.3098636809643279,108.54425490280221,123.62841417611455
2024-04-08,1.1952165771155387,1.0243032469568758,1.1467825581098612,1.083780076636317,108.7536409446329,123.02566043236837
2024-04-09,0.6701923800717536,1.4384198152894103,-0.07521628269965619,1.5068439840526309,107.91678047764806,123.73283986109163
2024-04-10,1.542623237528774,2.6214380989958315,1.5915138212835507,2.0117579035790016,110.20762432186191,124.1743696735218
2024-04-11,0.09312705359840247,2.059205627845276,-0.9413569302359056,1.1729633198685443,107.91351964791664,124.26825157832761
2024-04-12,0.110800899815738,1.655205120699695,0.7226829044690767,0.1759898373346197,111.0901445183032,123.50132799900231
2024-04-15,0.9674631685192397,2.208867009044011,0.4977192806143399,1.0450237983902564,110.26945673552646,124.03970482675301
2024-04-16,1.237813048939052,2.89446330572206,0.9142955165397311,1.9150372669025197,110.59976212171291,124.4675995817741
2024-04-17,-0.44493682536242335,1.725910653929122,-1.0392289111132487,0.42153230889491294,108.98306443482728,125.96091507834934
2024-04-18,1.2838189736468493,2.578251964093691,1.9593177658704608,0.9723631958931529,106.5843950321055,125.97990602774226
2024-04-19,-0.23222711131120669,1.7014618617590616,-1.5057836591270062,0.6664461702415878,106.54130949063132,125.45759766699604
2024-04-22,-2.246238857390904,-0.9701424610716078,-1.2674794789583501,-2.4087978353087487,106.08643709802998,125.56579317386311
2024-04-23,-2.89189382687258,-3.6195006726762857,-2.0680321655496523,-4.464261027046213,104.85708033764632,126.64711519118057
2024-04-24,0.40728544453900845,-2.307340059968206,1.7515063521462824,-1.6170402342717975,104.75430195599903,125.75790551822959
2024-04-25,-0.2597356884808076,-1.9902407334569618,-1.398214817375891,0.025364122696498292,103.16334452031937,123.42944458872515
2024-04-26,-1.6279619079344112,-3.120642458027133,-0.719122276640082,-1.8097768898709765,103.29751336375428,122.3826918647088
2024-04-29,0.3204232826169497,-2.0200585609034,0.787852762433003,-0.819150052937138,102.85231406734744,122.49352762375287
2024-04-30,-0.6342951225192675,-2.149339043196817,-1.1463994181007195,-0.4099988246874027,103.0970357379026,122.18890871560522
2024-05-01,-0.319198962179852,-1.931203244577465,0.4259606595856157,-0.7632055479433392,102.99787677587717,123.18288835499992
2024-05-02,-1.666471467614586,-3.1148739010476847,-1.9433458963452361,-1.8899107411404823,104.04179868717951,123.525760254538
2024-05-03,-1.3394941021644,-3.6756495279501635,-0.07631926953999657,-2.50602412949461,104.19627490554811,121.9972190300762
2024-05-06,-1.0241198225903947,-3.7808569685530173,-0.9745122973893969,-1.9617656941054746,102.505112075487,120.21585171463278
2024-05-07,-1.1358821507905734,-3.9715248772053364,-0.5024491574874654,-1.8527660266038497,105.34529986917708,119.03650733843956
2024-05-08,-0.6720651745179372,-3.6507088324219397,-0.34547322215108467,-1.4671826800713386,105.62330531458879,118.2917389584139
2024-05-09,-2.071788441479548,-4.8098200657960035,-1.8472308470813432,-2.542234063642104,105.04469317366049,117.18618950307722
2024-05-10,0.7863587371192952,-2.8210063122277074,1.9870587877221682,-0.6638931719163884,106.5968000324022,116.74671287147275
2024-05-13,1.3428822506311473,-0.7728724835396332,0.05129403861173798,1.893333366614654,106.8130980094113,116.43320727191421
2024-05-14,0.6869761314145085,0.10732176875978361,0.6536350063168789,1.6269937068563116,105.57328184548386,116.98861564529776
2024-05-15,0.8371848472973702,0.9176761738672079,0.4123220931913989,1.3180681392875262,104.18967411671805,117.90264092320174
2024-05-16,-1.0717735049091919,-0.38351637450878595,-1.3397828654836013,-0.48574411180103283,104.68967494800205,118.50986926228295
2024-05-17,-2.3041004846025754,-2.591737765484165,-1.4332416220382345,-3.0543419380390096,106.91445723510736,118.62746638069406
2024-05-20,0.3529051837714043,-1.5908981403417195,1.2845122380962568,-1.2599651554503983,107.03345794289578,118.19314453940322
2024-05-21,1.6600459080380985,0.4668723027818089,0.8251129532755316,1.9070795366780815,106.265164935823,118.43671529450069
2024-05-22,0.3554774321365863,0.705631659222943,-0.1808459874925093,1.5175095677632553,106.24624831957753,118.73768430987822
2024-05-23,2.8703789016536123,3.3996026460708197,2.9879287935237433,3.119213104149223,105.76807896864413,119.32945497898953
2024-05-24,1.0630799286040367,3.6127819131571517,-0.8790737871863965,3.072345159761565,105.69209955325383,120.26863668241026
2024-05-27,0.5280764491322489,3.2376628840001125,1.0994744108034067,1.2722323991550746,105.25576221072659,120.56728919231529
2024-05-28,-0.19623775559188503,2.2320094074081993,-0.9108961226140995,0.17341575880068918,106.26566019716786,120.03418959685666
2024-05-29,-0.8117056559616572,0.8623013995944923,-0.2196231762624925,-0.9490720848759767,104.85334638012088,118.16902400238695
2024-05-30,-1.7061738517588383,-1.059447802062969,-1.5634187871882181,-2.2743678109319982,103.5832021212778,115.77170946581495
2024-05-31,0.731097082057719,-0.06348876948950777,1.7473192937300608,-0.4632246141734677,104.78253251119926,114.08348026745361
2024-06-03,-0.7267285344741505,-0.7743451115912814,-1.86248607539869,-0.21496057703374727,105.35250049950956,113.82926711507544
2024-06-04,0.6644782356232403,0.08371940192977922,1.8750941846323887,0.15576826149133494,105.58117588953165,114.38846566979589
2024-06-05,0.68881568011436,0.7516052315616945,-0.5299955398966928,1.1539504450506282,106.93617583193893,115.14114845677814
2024-06-06,0.6468621565948143,1.2105660802660851,0.9913592575276646,1.1290331326748664,107.29752093325159,115.96337505818245
2024-06-07,-0.4380268548175865,0.4698977053819773,-1.0824103722105685,0.014776654798783428,106.59091314468645,117.30846951818762
2024-06-10,1.3067015467610115,1.6591248257974944,2.010268288697881,1.000082748388701,106.58078279903343,119.85414204346188
2024-06-11,0.9519610746203706,2.196304693968491,-0.35471331303325226,1.8666521573530785,106.25832776785798,121.94021613802627
2024-06-12,0.020875541821653045,1.6681040622980214,0.251439195293267,0.6872482940559125,104.71523899837995,122.90036740102254
2024-06-13,0.5532477481354152,1.8043257948589313,0.38981227119479167,0.5678606274105723,104.81151926093217,121.95421036185793
2024-06-14,-0.40115302795759084,0.9520913181866077,-0.6545310042342054,-0.013879604262800216,106.41898580719771,121.74166825657036
2024-06-17,0.4505635584421866,1.1646320470821423,0.8760087111944201,0.16975643887187303,103.41878459659529,122.27598043441712
2024-06-18,0.7483125028106716,1.6217865381222785,0.1789068405342985,1.0637069937202022,104.64998617977058,123.19247208645231
2024-06-19,0.4643152424220578,1.6806551460137666,0.34802579607476375,0.9881339943895279,105.31238167705895,123.14654522799302
2024-06-20,0.07864418211037567,1.3391355416207007,-0.14757258533822076,0.40366485180581607,105.5347224235497,122.62176370199926
2024-06-21,-0.24625636523829197,0.7580952909772335,-0.15033418476844848,-0.191205437761029,105.74640036106055,123.11090197795392
2024-06-24,2.451230971359305,3.01980243959223,2.548948191458796,2.2788515156925,105.55299473857332,124.89788409148997
2024-06-25,0.08599023520658387,2.3508420649007564,-1.5708260892416337,1.801851915158097,106.22246054436388,125.48483388399356
2024-06-26,1.2461732487478558,3.009304797423423,2.2672102067549176,1.3063664133924646,105.96777544189789,125.3304227358331
2024-06-27,-0.45674359534643033,1.800235002721137,-1.9304302297371267,0.4155776787770687,107.39476967795292,124.73615587636243
2024-06-28,0.07370031486259165,1.4238765669034443,1.328479964191724,-0.24602020187990958,106.55353927462434,123.57757713540754
2024-07-01,-0.19550363329830778,0.8724037918792755,-1.0590156100229284,-0.1439134128944936,107.55131420795473,122.20630467804509
2024-07-02,-2.79391090019069,-2.139608056281233,-2.1055507536757863,-2.9307634434995053,108.09564525154036,121.2861082354047
2024-07-03,0.6891736146675304,-0.9155324275433944,2.0577816045567916,-1.2665640154659523,108.237800390345,119.66078508673564
2024-07-04,1.570829445150133,0.8841801244925872,0.2332714021882185,2.053250975417404,107.71710569840782,118.06548584735486
2024-07-05,-1.353077288986258,-0.6899421956168175,-1.5047037004086,-0.2534966773811649,109.2938809393145,117.0029024810861
2024-07-08,-0.26097382203422265,-0.7784304687468357,0.7170835832313673,-1.208127924324603,108.34448295941569,117.81100222077917
2024-07-09,0.9737953012206091,0.3899724496604823,0.5076909721202203,0.7911136257966532,106.72805349094922,119.93018660636974
2024-07-10,0.445823583581583,0.7383029208269447,0.1158244517034398,1.1274802944360094,105.54922193325167,119.16860060137148
2024-07-11,0.6235610336304462,1.1772882242506548,0.5482751400232103,0.9356375421375543,106.32123225970987,117.14105325280306
2024-07-12,-0.2100310948858988,0.6729350733020923,-0.5664099359009855,0.22646162865541355,107.235503433565,117.1098303750939
2024-07-15,0.50033074135158,1.0050320463281492,0.8684971996872206,0.3533089749314508,106.08764793070239,118.43896440367257
2024-07-16,-0.889356860405757,-0.13558282565964508,-1.4538800402024505,-0.5391253414596511,107.16932172854654,119.01904760848882
2024-07-17,0.4116028052412201,0.30991568599648633,1.356624831372813,-0.21094699704280978,107.81589828317148,119.67948769473253
2024-07-18,-0.11353225426323925,0.1189045102341255,-0.9953383946555677,0.1745897094056148,108.84836409312096,120.42475855312293
2024-07-19,-2.4864606861110365,-2.3972823034354422,-1.8394907295849174,-2.565933264095304,109.1597092272732,119.948049103803
2024-07-22,0.25322983898611695,-1.5447318885904646,1.4488988132163134,-1.4872926412916085,109.27253635518154,120.0087036274445
2024-07-23,-0.45477250539571373,-1.613321421838562,-1.3965567339863174,-0.2775116181054319,109.68846392013624,118.94778989966485
2024-07-24,-0.9249503957086761,-2.1349414620875975,-0.01718851861756976,-1.2432911494856758,108.68059661000974,119.12712979610802
2024-07-25,-0.9326969640889049,-2.5339030606546027,-0.9215244269874846,-1.5801622410849783,108.29585807894364,120.16044390173656
2024-07-26,-1.1437618043316788,-3.044189099822631,-0.5447709267898139,-1.7966496791939122,109.13418043061691,120.27841776855443
2024-07-29,-0.3331817256892044,-2.6163235505561775,0.020919376724174654,-1.1338149887213795,110.20557520283388,122.09505781905385
2024-07-30,-0.6932439372183087,-2.6554866001354416,-0.7068415320890222,-0.9264711452007517,110.03707111916201,124.13766164252579
2024-07-31,0.3047832833877711,-1.6868316667138101,0.7642302792456356,-0.18048747266504495,110.10754166116199,124.84113419606092
2024-08-01,1.3568564327031971,0.09173268266783952,0.860106751193534,1.5702047310746368,110.06639225238547,124.95171104991283
2024-08-02,-0.5911791007076161,-0.5223795887067365,-1.1502484889834133,0.35862040218462177,112.71243759048177,124.61753519085863
2024-08-05,0.5942490065981496,0.20246431506809726,1.3419105244373681,0.1804236361028183,113.07279334897775,125.60221205739504
2024-08-06,-1.062271767896961,-0.9104235315958882,-1.9345136087812504,-0.6462974632782563,113.40007824512651,126.5527836959217
2024-08-07,0.3904134221866472,-0.292404226510269,1.64784726789446,-0.35317681534122547,112.80094528367727,127.84621096822542
2024-08-08,0.44660191629087703,0.2272987464081753,-0.624498807840522,0.71989131182153,112.15005044668158,128.97392465349395
2024-08-09,-0.19437885607672437,-0.023904796270592887,0.211545369019615,0.11824248532688955,111.04414115928391,128.87414906287225
2024-08-12,-1.3165005561655796,-1.3344291533685242,-1.4540050460283294,-1.4525657554192866,107.57484830482926,129.00429049190564
2024-08-13,0.8991511518257993,-0.10167071320059384,1.8442544317442136,-0.022399237490106305,109.07036022173398,128.16761998348386
2024-08-14,0.9575702123717034,0.881317177471258,-0.24119516826203546,1.5869760186497628,109.04229870536366,127.52472931160037
2024-08-15,1.4390998858585753,2.1000877689620188,1.5958767452288984,2.1093990345187676,109.71675796961478,125.98063726376591
2024-08-16,1.0409140361237776,2.6159798628452915,0.003594151724993555,2.0482839562247803,109.69720565202695,123.65556445964253
2024-08-19,-1.5850350439326528,0.3769498532013158,-1.5873712425538986,-0.8563952186460085,109.80308293075163,121.66149244231315
2024-08-20,-0.5157136640689212,-0.2330012741679343,0.5160776435911131,-1.6252381948217782,110.19316915820279,120.66006001700636
2024-08-21,-0.8945878280856852,-1.069338783711636,-1.2300382964199086,-1.25558739293393,111.13200405001247,120.16497493366312
2024-08-22,-0.16953456980926807,-0.971538657592995,0.6299903228636725,-0.7957460494692477,112.52002807585917,119.73742495577858
2024-08-23,0.43421004274054353,-0.2944439504542027,0.024716332879156366,0.31553584387405587,112.36083039152356,119.36803506052316
2024-08-26,-0.14208763191343307,-0.3629205947540851,-0.1581532482848847,0.1618593980049474,112.61075974409272,119.49589079402095
2024-08-27,0.0766843128205172,-0.19550613324504668,0.17948392420569226,-0.02277702951888594,112.53109841661461,119.13509576096163
2024-08-28,0.14545278211790427,-0.0011768178158807208,0.028788231384204305,0.1991318010922663,112.35389285802235,119.02308214084287
2024-08-29,-0.4046475618997904,-0.40553017526170093,-0.4233599122995232,-0.3028306144172574,113.55834156917531,119.49824619498175
2024-08-30,-0.9117106968631205,-1.2158583283093962,-0.6365267538684304,-1.1949639901929738,112.11964033726748,119.25487753688401
2024-09-02,0.7783256920822968,-0.13356805414975026,1.1920680820967766,0.14012820427811257,112.36274751476031,118.81318452715135
2024-09-03,-0.25618043003072416,-0.3563564706430369,-1.031024683393629,0.28864755442688356,114.68393552708837,118.80801576154
2024-09-04,-0.7106073137460637,-0.9778746667283413,-0.04044126954020477,-0.8899336147675706,115.70034379864899,119.96436728113648
2024-09-05,-0.6176944050418284,-1.3511004050880844,-0.5914075798406953,-1.115119524664073,114.95875445611951,120.36810325039846
2024-09-06,0.6662191095779636,-0.34710619423809963,1.0506340364744156,0.23383302604868378,114.98320577015413,121.48409527741461
2024-09-09,-1.9398635780287206,-2.2001932237072954,-2.6227757017370905,-1.4735102013241461,115.21239363609125,122.93800457970409
2024-09-10,0.009775002723246546,-1.640369915057225,1.7145792088523555,-1.3481295018968578,114.36750481559854,124.33762443736748
2024-09-11,-0.5252611696251415,-1.7555386059180602,-1.6397376553791725,-0.5184186677188689,113.29529449863466,125.91444371879298
2024-09-12,-3.1348314524664334,-4.451485406904979,-2.069001976469971,-3.5025142712040322,112.50619491814486,127.63469626199083
2024-09-13,-0.18386561108289642,-3.5224796662616304,1.160985673622585,-2.3782476278093996,111.59326461924002,129.3894543951697
2024-09-16,-0.19773216447542125,-2.8395919141716437,-0.9523728523301016,-0.3264380922334488,111.39485795567607,129.22708409484147
2024-09-17,-1.0126847905384766,-3.1423787261672094,-0.3936424365239105,-1.1510973056712714,112.24553016864743,130.412071132947
2024-09-18,-0.3073997698372954,-2.6641838144627026,-0.05153218609675353,-1.016279123214229,111.68083144452325,132.11693641534626
2024-09-19,-0.808124932977469,-2.8062627938244957,-0.7746290120145792,-1.0233047718635757,111.84929065608796,132.37268881112493
2024-09-20,-0.061133279472958296,-2.16583037484133,0.4423755783365182,-0.6268207325571866,109.56066912730473,132.91859902435337
2024-09-23,0.6276305726228287,-0.9967422085081689,0.3400864467040919,0.5848372769917579,110.19314298385214,133.3811237935959
2024-09-24,-1.0565365417333539,-1.8040931981144805,-1.2775927320910136,-0.6171951408973738,108.90689795287969,133.39516891060305
2024-09-25,-0.5798081665890336,-1.932878065174894,0.2506271092701253,-1.3193837458023814,109.12425361786642,134.01576931680285
2024-09-26,0.9356215448719322,-0.5140370040092385,0.7727139238463507,0.5297558282596087,108.48484578694887,135.23467263162155
2024-09-27,-1.0895287789220225,-1.4750565319289515,-1.5917928294221504,-0.43459369751167,108.67136799771619,135.25364143651922
2024-09-30,-1.4509866432180178,-2.5572790421647316,-0.41632130409362,-2.2136567884634335,109.59794343270022,136.4984592611924
2024-10-01,-0.9481102112966363,-2.866069492920185,-0.6775013636357833,-1.9638008615492488,109.28056285348049,137.87945720102488
2024-10-02,0.3990704752628697,-1.7504816444272688,0.8394463616261288,-0.2646066726447757,109.59837769930029,139.27372511164816
2024-10-03,-0.3494655328416,-1.6623267661620518,-0.8951056678985837,-0.07011620015759118,111.3083091491605,139.9702959463301
2024-10-04,-1.4068741798230924,-2.6536192544446315,-0.8250554956890129,-1.6515000528122123,110.9032355111624,140.3713392761996
2024-10-07,1.009239953713347,-0.9809744871201267,1.5455260259112054,0.024428027837182342,109.71228024380326,139.8941772484942
2024-10-08,0.12742194259288295,-0.608308922747212,-0.8771699742494005,0.8338899101922258,109.7937030762569,139.3228942080367
2024-10-09,-0.5494538721359021,-1.0056855641963112,0.020706611126208196,-0.4602585123208841,109.12087552565914,138.40185249855125
2024-10-10,-0.08825494753894962,-0.842519120686183,-0.10171424477098495,-0.47287265803408113,109.67665383489691,137.4719950906029
2024-10-11,0.884057857968805,0.2521685174541678,0.9501721170699452,0.8222793946915402,109.30613828363174,136.99648886416693
2024-10-14,0.5476481965793512,0.736774584669977,-0.06996367951611326,1.1664886971575146,110.5749255732613,137.2788220563417
2024-10-15,-1.5648025581053464,-1.0122216196028635,-1.5193261664198727,-1.1814488204998006,111.92522911957207,137.50659099953495
2024-10-16,0.09943446527560085,-0.6597317494265468,1.0869964734485182,-0.9959273253981417,112.01756331952402,137.24691019832028
2024-10-17,-0.7847114032695526,-1.2795102153394626,-1.4912591110110895,-0.715107277576632,114.0493144904276,137.39373872148278
2024-10-18,-0.1601398257123261,-1.119772487216923,0.8091785964448821,-0.7094378080010129,116.37566409134527,137.19239504872922
2024-10-21,-0.5811173053513489,-1.420946670764041,-1.1070833930405222,-0.6932151833499771,117.52881298640739,138.31660067458517
2024-10-22,0.6812103221464706,-0.3844996809265603,1.40081452762281,0.2744282084005264,115.56432648967058,139.54226968471554
2024-10-23,-0.05734146494884909,-0.34571622564376925,-0.9678709079036755,0.4195057605536803,115.06940501081365,140.29412000629992
2024-10-24,0.12506367843667524,-0.13422349079615167,0.7541797685740643,0.08492465297248088,115.84061663663823,140.32720324507494
2024-10-25,-0.5832741159085261,-0.6839417340056398,-1.073490965481668,-0.4957295410028534,115.13215494375608,140.20498891483055
2024-10-28,1.2619083760093728,0.7489520755051429,1.959677503572457,0.8536164948734046,113.76614969314043,141.073789004017
2024-10-29,0.7296195185173102,1.2913335751461674,-0.5441708588047869,1.612955381723871,113.73694425235477,142.2911968782644
2024-10-30,-1.0263312307645869,-0.05783104940496131,-0.6726201725414753,-0.5155975678024698,113.0634621170822,141.83256754779435
2024-10-31,-0.8379866961791673,-0.8813599832328883,-0.4007835840272084,-1.556418557714378,113.73084373506708,141.0084681220128
2024-11-01,0.8938658734797299,0.23284588605506362,1.1543752030974153,0.3072751861543128,113.97377375356146,139.22346429068025
2024-11-04,0.6831456955321533,0.857780110073451,-0.0671981864811666,1.3088518069679642,115.14998660033748,138.17089129325026
2024-11-05,-0.21269349404826732,0.430641588506821,-0.16901467283550903,0.26550849282424,114.93891059776495,137.511767063011
2024-11-06,-0.8764946811730944,-0.5535134897929787,-0.7666351438300135,-1.0253801270068814,115.25773491856584,138.25125907724288
2024-11-07,0.2738624592837585,-0.14127265806097544,0.7721753027732674,-0.3396838175374075,114.87621173927396,138.8748835835699
2024-11-08,0.48289801548788186,0.3769435219421503,-0.01901593131474194,0.6746017369865128,113.56383392675032,139.55588300235564
2024-11-11,-0.8773772874644901,-0.5946696460078773,-0.8650169321099078,-0.5393486766229727,114.17531883128875,139.70000995202759
2024-11-12,-0.5969607594324143,-1.0429629939383223,-0.03469975356097421,-1.2111248606575573,114.62160434843402,140.23214789760507
2024-11-13,-0.003504820507521769,-0.7857270659612635,0.01905001930711147,-0.42137735211021177,115.45212060533083,140.4123308484824
2024-11-14,-0.11236747229422085,-0.7016627717651684,-0.12474998484384331,-0.1148208466494861,115.56697801521467,140.52252943299027
2024-11-15,-1.2209100851605685,-1.7471571639844448,-1.1398225950120704,-1.299567315766523,116.55881871834852,140.8386370653015
2024-11-18,-0.4136497898796142,-1.7240176628679476,0.3272348968782316,-1.268286849492012,116.73263671328523,141.39158052005797
2024-11-19,-0.5974026499449232,-1.890415897095884,-0.8101053329157737,-0.8869575028606531,117.76435879745355,141.85041347014385
2024-11-20,-1.5270724175262853,-2.9448843403481986,-1.0005039511310323,-1.9452542724877315,118.21751532275385,142.91022353662785
2024-11-21,0.815923489922092,-1.3927397653390567,1.466251058157263,-0.2530272023463076,118.55904908200583,144.2856848699209
2024-11-22,1.1416304422501795,0.09707561824588695,0.18856725444795852,1.7127768851956438,115.93436893749391,145.69099660075665
2024-11-25,-0.4014941763637721,-0.3286874626793569,-0.5240628917549451,0.39764713321135353,115.24411158266084,146.14153355575328
2024-11-26,-1.6293752516761764,-1.875890848685694,-1.288734372035462,-1.9104211751308169,113.63228916275503,145.13509763645143
2024-11-27,-0.7473326749553498,-2.15425081146962,0.09034466686770048,-1.8878953511286731,113.21180869179881,145.6711938302539
2024-11-28,-1.5845335232018154,-3.2002216318040304,-1.6432575566658207,-2.1076663956705604,113.46565041198043,147.46719443175476
2024-11-29,-1.1309799987008828,-3.5311462225539056,-0.06286258686809942,-2.2401534649421535,112.75257012650083,148.55654247479632
2024-12-02,1.066301993973504,-1.5820576729419253,1.1071626754377686,0.2746159948828859,112.83036428628132,149.63344289150965
2024-12-03,0.652186758715665,-0.5343564959907791,-0.0674689803188846,1.3985981544971176,111.3126538008198,147.9009823398593
2024-12-04,0.5653079114429665,0.16454053944988223,0.6091627486502416,1.021838642543932,113.57906006569343,146.03720333125366
2024-12-05,0.9073842263532665,1.0307896309406783,0.5114284397306095,1.303099764363343,113.77601959233309,144.0690405414745
2024-12-06,-0.3343784341130914,0.4387137890924173,-0.6668069199379876,0.30079052433419506,115.46891181051086,143.37551206113878
2024-12-09,0.6616903372376837,0.9907256790569967,1.0951148351973756,0.42762543335851966,116.85220481881973,143.980377306112
2024-12-10,-1.1069655600775417,-0.3639213007847941,-1.8187902029558358,-0.6437823240111631,115.44620855542384,144.7500613964503
2024-12-11,-0.37204046850533723,-0.6449814440939328,0.810173163415956,-1.1469163605596164,114.45444943456866,145.94825931868155
2024-12-12,-0.056266127779598364,-0.540002210850048,-0.5828786839999698,-0.31669445573333443,114.14071216306652,146.53818663519144
2024-12-13,0.11858812459452749,-0.28641353354300847,0.4974592691945079,0.07920183514880863,115.20481935207748,145.265253291384
2024-12-16,0.4425260734685239,0.22771592331126755,0.11917754849209378,0.5255377606846932,114.27253136709052,144.47181689523234
2024-12-17,1.0430077366975592,1.21379467918101,0.9655423301776982,1.352775988125526,116.86973281428253,144.57759805605588
2024-12-18,-0.5204705651556735,0.3898754442300839,-1.1480730797711773,0.20963485053261788,117.49370734647704,144.87363548958564
2024-12-19,1.0516302895628664,1.3440368727354293,1.7978777914141317,0.6873008939538949,117.32858873232742,144.23145203919753
2024-12-20,-1.0475244967687887,-0.03949684221721683,-2.2161450611879743,-0.31138329407478227,117.92232446935813,143.73846026158705
2024-12-23,1.4974165083464546,1.4677938766835419,2.937910798118638,0.7641493606083025,119.86702618384514,143.80337921026734
2024-12-24,-1.4100133719218504,-0.30916796440919403,-3.3196553906989648,-0.3618218160793323,120.83803455148697,143.70867364141276
2024-12-25,1.2704437639999135,1.038567790693018,3.428219767954241,0.28343440365461836,121.1412556921098,142.92164697961525
2024-12-26,-0.1717308928677468,0.6071949501520166,-2.4000737420380034,0.7175797419321926,120.20454789911827,143.04804743187165
2024-12-27,0.43208569007163194,0.8874819026856444,1.9921336223963342,0.3118740650642092,121.8384424063331,143.2821720153063
2024-12-30,0.586306754092443,1.2519181811066762,-0.7085801004651743,0.8887667371425854,121.3833216878943,143.45698790862764
2024-12-31,-0.6353240296861411,0.30361460614386604,-0.1747469643837778,-0.22490930182143098,121.8041528802562,144.10398792802943
2025-01-01,-0.9360569464383154,-0.7083459918304158,-0.8224714195888598,-1.380783767218614,119.78788559139494,145.4569015806386
2025-01-02,0.22828509268359426,-0.30297440118921765,0.7628915154163531,-0.4269547698232265,118.8482262210023,145.47593971308476
2025-01-03,-1.8664480471826352,-2.0936788480745485,-2.3623275322032646,-1.7066484823041193,117.64275519677625,145.74497922617095
2025-01-06,-0.7170068491936095,-2.2872659852495207,0.8185060467385126,-2.0235204822214543,117.42230667453174,146.66415807094836
2025-01-07,0.0637571748160797,-1.6516923141210609,-0.4682717555639535,-0.4381476196194469,117.63390006896876,147.82286767430105
2025-01-08,-0.16837738444724787,-1.4071466200380436,0.13599925666932194,-0.12374736207599207,119.41037128471461,150.18632386100703
2025-01-09,-0.5532807847484037,-1.6086407497769364,-0.641680301583463,-0.6711449538614772,120.78091472505031,152.35505928175706
2025-01-10,-1.67182263224011,-2.878303194572812,-1.254730436210859,-2.0591191815639927,121.69810287120339,153.0279929370202
2025-01-13,1.4206741986187317,-0.7380531973108773,2.23624898215579,0.25039835605065486,118.99524487887851,155.0324736034289
2025-01-14,1.2657158686941121,0.7121759707109542,-0.18784596970715128,2.2601878077272244,120.06966270695634,155.5651378650731
2025-01-15,-2.294815082558514,-1.7606831045252984,-2.172715202248866,-1.4088139744726358,120.21176703712466,156.30955883654497
2025-01-16,-0.9218146399467312,-2.2423269683407048,0.4904502415150317,-2.528185197737691,120.76759218676344,157.7820671344013
2025-01-17,-0.48209364548331973,-2.1638388717388484,-0.8008863024680903,-1.1273638934460315,122.61391489718244,158.9485968089374
2025-01-20,-0.7318569016649905,-2.354736055469127,-0.21128080506073177,-1.0693224535033143,124.03963238420937,159.67754664086965
2025-01-21,0.6250259225244722,-1.141026119077373,0.7623584458139478,0.11272609135897882,123.256605700258,159.95367667214938
2025-01-22,0.6104279606443833,-0.2453416286636464,0.11489497086531719,1.0479461064115139,125.49863876719019,160.7350847084722
2025-01-23,0.26684917935759594,0.08284295785986115,0.19216744829513976,0.6941487518086642,122.85812815968502,161.94735355271771
2025-01-24,-1.7646035318061546,-1.7024713134112588,-1.8895123731979955,-1.5778091062558375,122.40768884650518,162.73141212475636
2025-01-27,0.15525358747459417,-1.12159989758385,1.3834366300532912,-1.079968884789714,121.19415474234519,163.44370201945068
2025-01-28,-0.27242818872714275,-1.1136281119150302,-1.171661998261782,-0.16375067749492683,121.40711045242178,163.67659453301962
2025-01-29,-0.5755895097552294,-1.4108105936915019,0.18599078911492894,-0.7662892418642293,122.70869758415799,162.305329819207
2025-01-30,0.3418979642259524,-0.716209981042674,0.2210039513012486,-0.06101469260270814,122.14040231975738,162.59221389761498
2025-01-31,1.2818917053367669,0.7447342195547614,1.1382391369909552,1.5212202802949335,122.99343043396979,163.85951144463658
2025-02-03,-0.15465918984889787,0.4038914748171732,-0.8945146288930188,0.742665003886839,123.05599663886483,165.33858954993164
2025-02-04,-0.2002365092294741,0.1026820968834058,0.3811979995509881,-0.30849794212370263,121.1515763694844,166.2560052816781
2025-02-05,0.7030052844873292,0.7800168571498836,0.455226584779187,0.5628397280266974,121.04384869680473,167.36863312972082
2025-02-06,-0.7580457872350618,-0.17303314437264905,-1.0539430673415333,-0.26594208809393133,121.44231152262765,168.7190254023792
2025-02-07,0.5103355788411235,0.3805607205616367,1.19539857261312,-0.020296472223419793,123.3868017719822,170.54745268194563
2025-02-10,-0.04660382845110557,0.238816711970122,-0.8236129006496336,0.31063107673768087,122.86290311929334,171.4529237222932
2025-02-11,-0.9064102289208381,-0.7272976949432466,-0.3710618434985763,-0.9390329088366121,122.06045597532642,171.55439161386607
2025-02-12,0.4558890281117024,-0.08958424309573254,0.697079226385777,-0.17859813213288422,121.69530094670797,171.50456890883692
2025-02-13,-0.08699051968699109,-0.1541787020087905,-0.5400920168377462,0.23213179999120057,122.61649349152475,171.55757457765225
2025-02-14,0.7825321528233787,0.6668981263167859,1.1335919637679137,0.721638789042485,122.11538879752717,169.83827991629875
2025-02-17,0.3488087302679711,0.8489823250055605,-0.38802604618117287,0.8965812372443361,123.23080611015901,169.23954196010362
2025-02-18,0.455850339580848,1.0925870833350184,0.7080672695986103,0.7000164507684277,124.12001311575787,169.55387950173863
2025-02-19,-0.3490377831002335,0.47040252940103033,-0.8092815083393302,-0.02994254539363994,122.91202392596132,169.20131130752708
2025-02-20,-1.3702919285528727,-1.0174900315021,-0.8442589481323081,-1.6146183767230362,123.8716025824981,169.92924816276187
2025-02-21,-0.10329743608005638,-0.8664149597066314,0.44547088020594394,-1.0625017860670674,123.31700382254049,170.7052138358173
2025-02-24,0.284711347607328,-0.36509987217264556,-0.00484472452653556,0.21240314235128854,124.09083467823663,171.35547699866024
2025-02-25,-2.384286312191924,-2.6581112163214082,-2.381137241249676,-2.1849883688667946,123.29210776336484,172.06183622193788
2025-02-26,1.6311868839788948,-0.3623965282621613,3.178926090791184,-0.037813534555452,124.0127657832031,172.77859631395887
2025-02-27,1.3136263531557018,1.0418289569590808,-0.7526756058585677,2.455457171940928,124.76973952392461,172.85904202429708
2025-02-28,-1.9904854985461886,-1.209113780826878,-1.5012463547381196,-1.0709470513371975,123.20897025598079,172.05001971396996
2025-03-03,0.11604917759703273,-0.7907861580231257,1.0918593081768107,-1.2772906713852992,121.78119015831436,171.45395033181774
2025-03-04,1.0267350889530795,0.4336454704357353,0.31702653863815256,1.1079695132710023,121.77442490508076,172.91695756746617
2025-03-05,0.9246674574946596,1.2499015603214612,0.7186002073798604,1.6433820197618152,122.05524823987797,174.26792239866637
2025-03-06,0.4698570356289743,1.4072832058700702,0.002766900832064989,1.1171242558752361,121.93567819146996,175.09066991704046
2025-03-07,1.6661804813896208,2.7216428857921735,1.6643819958487787,1.9950804063299028,121.38965995324394,175.75072694977814
2025-03-10,-0.11938948064019633,1.921842683703934,-1.2012377779419023,1.0469368563325383,121.87788097089576,175.97757188148057
2025-03-11,-2.3954120838992843,-0.9540300711213339,-1.6146075282370478,-2.478984720347422,122.99146864520549,177.4858925896987
2025-03-12,-0.2949554007297312,-1.0104779540707316,0.7545394926243498,-1.9717438594592303,125.92636009063075,178.03360042944402
2025-03-13,0.8034664076591546,0.04560794210610586,0.31301573745332717,0.5969976271483427,126.65501873313234,176.41983853975876
2025-03-14,0.5076648349895962,0.5418707915691756,0.30420460564493357,1.0700913203510045,125.40130404416145,175.10175535395425
2025-03-17,0.21097680564994423,0.6173798993268259,0.013243811980737402,0.5663421901426616,124.3577755430465,174.11795472634344
2025-03-18,0.4374520441014604,0.9004869685965797,0.4288435663139811,0.5851358080564213,123.36910589463342,172.32280502074326
2025-03-19,-1.942567919388351,-1.2672026929409161,-2.221316237492439,-1.6363514885173287,124.33153512216894,172.83931403784626
2025-03-20,0.9290342196011947,-0.02136780010449235,2.3728897739712798,-0.430763323970651,123.39037620834401,174.44510003550545
2025-03-21,0.4026103508734242,0.38658450079505496,-1.1397680022079077,1.0529343045942605,124.46905540509528,173.82110722315642
2025-03-24,0.4860286258853915,0.7759670014816826,1.2268778273205316,0.7678558714967885,123.6008378417882,172.9735790261725
2025-03-25,-1.4263082111977836,-0.8443329600865217,-2.223778798956129,-1.0860881730780096,124.67619148849947,172.80564876065674
2025-03-26,0.05811764825820468,-0.5751320718066866,1.5035738675796886,-0.9402980995802438,124.18337572187053,171.32286043320346
2025-03-27,-0.11553668853174748,-0.5468857423867624,-1.0928597024585451,-0.0748543347510042,123.78097911206099,170.65447209774106
2025-03-28,-2.081567931652775,-2.4917322384428466,-1.3712091250547207,-2.1624436136249985,123.60628910380402,171.52297774000613
2025-03-31,1.6829087653817663,-0.18589041345036872,2.574194696667335,0.22581121322482378,126.35732628324767,173.33929421508907
2025-04-01,0.6652461943700471,0.5258283842822705,-1.0079803584637208,1.8432823301372832,126.19622595537444,173.85532320830532
2025-04-02,-0.9613406619669802,-0.5669693737552773,-0.30615342896556164,-0.4956683259079473,126.49364796052984,174.4505158584962
2025-04-03,-0.48923712132437913,-0.9144641516408372,-0.29023739249676406,-1.1621755847012651,125.93753525789776,174.11058802739575
2025-04-04,1.608701794128504,0.9228536803978762,1.7973560992514006,1.2662358092014387,127.49218497376646,172.19048487962965
2025-04-07,0.5693220444763337,1.2614623047747409,-0.5989594200370768,1.6954133003662863,126.71376484576447,170.82633135424766
2025-04-08,-1.352250503360076,-0.40615377477902037,-0.9629268803359761,-0.9537250722266424,127.0640349555831,170.1937669381424
2025-04-09,0.19730730320978276,-0.10730802787448254,0.8232097754281672,-0.7492680491422704,125.97397483568471,170.22727430459162
2025-04-10,-0.4602601252032753,-0.5407411461091371,-0.995346479231584,-0.3221450129564274,125.432954859138,170.74343620227614
2025-04-11,0.9116110640138473,0.5060552044319944,1.558586275514377,0.5894289763715546,126.40959647722853,171.32275663433063
2025-04-14,-1.534524783711486,-1.15498338038749,-2.547605862795831,-0.8963970389017929,129.05921746956074,171.8248726833569
2025-04-15,0.37713260144930627,-0.48910493384131126,2.0330764122665967,-0.6970347471487338,128.2326692049925,173.52774248795964
2025-04-16,0.5020689975331258,0.13524029715214236,-0.8194306704401622,0.7660618185476402,129.25947450177935,176.47963765774264
2025-04-17,0.6678420389123008,0.7692722617764075,1.2004719746984063,1.019290337185489,129.54783213997885,178.62172656172686
2025-04-18,-0.5281787208261819,0.04877547550612371,-1.308485504380146,-0.06068929358757141,130.14564401224965,179.4993916413198
2025-04-21,0.6127681903660358,0.6493497969956286,1.4632837682131308,0.2430430857877085,133.30426628203742,180.84797869989907
2025-04-22,0.3940910530270359,0.8811034007737573,-0.5570433963114991,0.8230287862832609,134.75738478018582,181.074488807846
2025-04-23,-0.7979221505666557,-0.13709459998633777,-0.4358439429641813,-0.5220584134477306,134.04780673907234,180.03023914707921
2025-04-24,-1.278618915316825,-1.3814398653065783,-0.9953203523901072,-1.837164420713484,131.83787195626127,179.75776968212648
2025-04-25,-0.47183270124597715,-1.5079126002259107,0.17512552780759255,-1.3668659419677547,131.97853066108763,179.37561833012492
2025-04-28,0.34153135570349574,-0.7894030944659371,0.22769976262856056,0.011248464831311755,131.735280206732,178.83779197483926
2025-04-29,0.6725102850933015,0.08045796424384866,0.524505439384737,0.9115822340857485,133.86814426241935,179.3476889291068
2025-04-30,-0.7626778336224107,-0.7023343604395242,-1.1036063692224898,-0.2919206340570997,134.18197736120075,180.30771696267058
2025-05-01,0.07098533757897148,-0.4557654327506718,0.78832947757359,-0.462889145956716,133.53863733223235,182.33269252850516
2025-05-02,0.5854892903096252,0.2436652157466213,0.07307512988679166,0.6351790266149052,132.7450204765251,182.99983737894692
2025-05-05,-0.8426982893720372,-0.6599493775620712,-0.8901971237984517,-0.43285578615529957,130.32441476610396,183.64126830812432
2025-05-06,0.24737145395952073,-0.24759057921203267,0.8259995844285144,-0.3425173486009052,132.15988863048716,184.86485368977668
2025-05-07,-1.093240559347105,-1.2789334937561296,-1.6301402892256394,-0.9200805415754405,132.7478958106119,184.63303537900492
2025-05-08,-0.48577120509929667,-1.4449713254163938,0.5738199828973689,-1.2510395966422703,132.89471229719496,184.2897239785437
2025-05-09,-0.4433036995848575,-1.5270321936471527,-0.8162866884681472,-0.7833435431543652,134.31750402888534,183.34406998786892
2025-05-12,0.02072443922658709,-1.1245497060087775,0.5513107867308827,-0.28958815048281317,133.93185930960556,182.27742408905206
2025-05-13,-1.6552868378012373,-2.4986991173078206,-2.013638849176311,-1.6407797303426264,131.8193650937984,180.81864111684934
2025-05-14,-1.3693302548471893,-3.2433545928280547,-0.06046500288258727,-2.528031041308055,132.42127023690693,180.54183155899378
2025-05-15,1.4413809458478255,-0.9911349987732154,1.4806831977215071,0.482849767454793,132.29492895518462,182.32490240409356
2025-05-16,0.6777023300519044,-0.06564891902800718,-0.28474174846707523,1.6866689921453824,132.61605801840037,183.63748777560642
2025-05-19,-1.1086933873302878,-1.1579300766012932,-0.9236112508266889,-0.6343017562939548,131.88968684539373,184.93490405329533
2025-05-20,0.0205836169538796,-0.8478639404970904,0.6209309299912273,-0.7555017541773218,132.61216087434775,185.43827661173626
2025-05-21,-1.3299525794436386,-1.9658505348164566,-1.7335576839379363,-1.315544047575923,133.32338290618833,185.33061617620947
2025-05-22,-1.4934602619908524,-2.967848163103195,-0.36664776743119365,-2.4244270676013993,133.0267513362998,185.4073563370188
2025-05-23,0.021768926866595883,-2.2041171954608005,0.26008997569687176,-1.0236532565270007,131.53188180612744,184.22951440893564
2025-05-26,-1.4252134006309423,-3.0783012972265427,-1.5942718848339088,-1.409975151824325,134.31734220944753,184.02425105272573
2025-05-27,-0.48492060797028547,-2.7936465808901927,0.5513561171717554,-1.482569988411945,133.71168314404153,184.03081951904574
2025-05-28,0.8879016486742062,-1.2073332869934381,0.5295201725125651,0.5484572230950064,135.17210008424178,183.42992689335375
2025-05-29,-1.136202926550763,-2.0417028917958415,-1.4803910386839303,-0.5146717724788187,136.9463879032739,182.76814994385518
2025-05-30,0.07887181861467678,-1.4524053502322043,1.0411259937592314,-0.7164702299708573,136.3064894923814,183.90484651761005
2025-06-02,1.4416744560399024,0.3523704433657493,0.7649425600964019,1.4968847290701761,136.00438253092625,184.81812832736225
2025-06-03,0.06625975057450739,0.33053758309881937,-0.4309529134881539,1.075431869802439,134.5659616298649,185.19649971666195
2025-06-04,0.0034009148273015967,0.25130410215141613,0.28352030859460164,0.049782740229456765,135.43428516572664,185.3563337955304
2025-06-05,1.047595241137079,1.236073317750641,0.8633070405505879,1.0499758815161901,134.71491702018074,186.44363175590365
2025-06-06,-0.5475678313461704,0.37948715696681046,-1.1087174077040527,0.18574883744978488,133.68671741287147,186.73033980373134
2025-06-09,2.6491201519712333,2.933735519696341,3.3697864669788675,2.265822670028914,134.57383650450973,187.24442365255686
2025-06-10,1.5517877448455792,3.752089384617835,-0.6385734586906848,3.4061718512254426,132.53346128613725,188.83441737085477
2025-06-11,-0.7564788023829465,2.05758823608043,-0.3414060542340014,0.32977261900895893,132.73140403887467,190.71385640893715
2025-06-12,-0.6346126646898316,0.9085785123704908,-0.41269872943773067,-1.164147826357894,131.83812836909806,191.9119900043636
2025-06-13,0.1591956708126891,0.8406295550905571,0.42744984494721405,-0.285033194470193,131.6643446015256,192.38045549161524
2025-06-16,0.9733102193848756,1.6037823857027935,0.6954678201691864,1.0847471889537579,131.46328067254794,192.03017447212216
2025-06-17,-0.4449130861222967,0.7579237031547985,-0.8969671692322678,0.23640406744711623,132.27356502122575,191.11262183879222
2025-06-18,0.9840795516837563,1.552522329049855,1.5671082116847304,0.6726403913981487,133.21405441613743,190.02238569576406
2025-06-19,0.5690643636513294,1.7334561104387207,-0.44955597394374547,1.2579200498299588,132.05511273156355,189.5332251035781
2025-06-20,0.5177354170759336,1.8178274999049742,0.8099468001393682,0.9160804716318642,132.18898042648286,189.86931002000784
2025-06-23,-0.002277042062457674,1.3610935828662731,-0.528742462153047,0.36013774989069586,132.247576877535,189.6445942072714
2025-06-24,-0.14204131634769013,0.8787788708020148,0.20164128405179044,-0.1436352457914105,133.4217454412404,187.67643340607805
2025-06-25,-0.631321299950994,0.027762853150517075,-0.7623881345846577,-0.7307502213943771,133.21860071732831,186.199173278403
2025-06-26,-1.5611990399142277,-1.5403769000513399,-1.0656467524342002,-2.0031239498799236,131.6040856176926,186.1885451590504
2025-06-27,0.8339843844312758,-0.32129829060722903,1.5266547735135059,-0.25885494350868354,131.47645266475695,186.92691373340375
2025-06-30,-0.7816669509047462,-1.0226406688601681,-1.773992553688525,-0.19787788180285326,131.63075075353058,188.9832434083836
2025-07-01,-0.3534546450831474,-1.1204351467282736,0.799640514814394,-0.9006215107164697,129.9131247549044,189.01753942613928
2025-07-02,-0.015710037474998717,-0.856036397521204,-0.535476372104355,-0.26312828903320185,129.32340157759916,186.94470181875403
2025-07-03,-1.0655062839449794,-1.7075335820858824,-0.7174466420771486,-1.0765033101774786,129.71743058005083,186.39693561534978
2025-07-04,-1.8949297201210602,-3.175579906685472,-1.4285894027709136,-2.6407841188825456,128.912664222942,185.20232435065856
2025-07-07,-0.8192455083841341,-3.200930438398238,0.10933760341695975,-2.145696312468876,127.3268163739497,183.35206323481876
2025-07-08,-0.774254522076279,-3.1749523508749578,-0.8453239642973028,-1.3477263779451727,126.59867997906133,181.77428450021307
2025-07-09,0.8643594138543818,-1.5168548493018368,1.4138199906476285,0.3223812484009865,126.68866539480656,180.92434294828962
2025-07-10,-0.3847326886569006,-1.5223738256332782,-1.303715682577859,0.22031890104116658,125.85363044225637,181.1226869257302
2025-07-11,-0.3282889967655041,-1.4700693659904627,0.5191261969101044,-0.5976018788253346,126.90071928301519,180.69982651749922
2025-07-14,2.057267620137075,0.9547155956442279,1.719835592145507,1.827465322401222,128.2218987942745,179.08065359057565
2025-07-15,-0.4851561192905086,0.23088057744266233,-1.603049254185088,0.9549312148054437,127.00589148184994,177.6582228790994
2025-07-16,-0.2743559075162681,-0.10119547443427135,0.7676261077040392,-0.6139651910196241,127.676077271823,175.7881712232037
2025-07-17,-0.11901644933315357,-0.1949130551588571,-0.617973419340779,-0.3110655845945412,126.80093525217175,175.09450810860324
2025-07-18,-0.6335647912294289,-0.7797495825985716,-0.23188206865792255,-0.7168763057626364,124.9190370685736,174.1770881957254
2025-07-21,1.4699726043532002,0.8851604174042715,1.62069594898085,1.0264772504926,124.03822662842576,173.17429528406416
2025-07-22,-0.9545180082961158,-0.2906476952429121,-2.0079703751336684,0.07446281475112437,122.71022955354073,171.77903337868588
2025-07-23,-1.546867774920312,-1.764853546352496,-0.24168703108342737,-2.215030380727593,122.95899722454894,171.45010859398002
2025-07-24,-0.6814111176745844,-2.005051277438956,-0.5243145474703566,-1.7642185601188025,122.6754671411831,170.65208157682028
2025-07-25,0.48304294238726264,-1.0207455156919545,0.8238473982429944,0.006055160015053573,121.80250222559266,168.84330802326969
2025-07-28,-0.8585793591951973,-1.6241384959641632,-1.3940801680531436,-0.5204492995241135,121.89624237049668,169.6402121923582
2025-07-29,0.4514132112011381,-0.7666906607719842,1.3575653204356815,-0.14959234023550005,122.14160474298268,171.03817656880403
2025-07-30,0.3195216770234468,-0.25549631855554134,-0.5628957812597462,0.6355109248642434,124.99347221157863,173.49827631716872
2025-07-31,1.7751897326492854,1.5835674937326294,2.14107199046812,1.9988549065656982,125.87114025111215,175.08012640684728
2025-08-01,-0.93675161202744,0.2509240082720321,-2.3284484058317183,0.3058812008270597,126.13688478702083,176.95097216801787
2025-08-04,-0.3366732370585319,-0.14848023085450784,1.176818226732085,-0.9923993654777399,126.83621033628782,179.0079732757332
2025-08-05,0.6031974572258095,0.49183728408492866,-0.16173439015004576,0.3675261912848372,127.26387565678571,179.54587522226893
2025-08-06,0.1808238922360054,0.5497018552997018,0.28595124583353515,0.603062112294072,127.72777712510128,178.96324554171252
2025-08-07,-1.6555264039890643,-1.243250012514288,-1.8413947137808622,-1.5289496794238604,128.75081712906825,177.98485532245772
2025-08-08,-1.1344876175772762,-2.0669251269629925,0.062418946380284224,-2.2933561003696212,128.88773017262415,176.04832432034905
2025-08-11,1.0589595973360741,-0.4912342478861702,1.0183872821888893,0.2648182650319808,129.83289848962056,175.20682011134704
2025-08-12,-0.3629883955406397,-0.7314140814552674,-1.0249401289634177,0.3782833225946121,129.5519783146255,173.78378352187474
2025-08-13,0.3799433440041138,-0.1686172170873368,1.0461544278303352,0.12585146712566597,130.6083955764446,173.902411695036
2025-08-14,-0.18112840898680568,-0.3075913218023083,-0.8611287870765236,0.08483193181607393,131.8455276859687,174.18587383720154
2025-08-15,0.8933980357595375,0.6627045444078062,1.453131747359278,0.7666081494687735,129.92402122762746,173.2524034314515
2025-08-18,-0.5868707974935593,-0.0898423891877046,-1.53140643327709,0.03850782753811688,130.95894246405896,171.28704056903
2025-08-19,0.672100401782915,0.6047186098921365,1.6675145834130234,0.2612908435374235,131.8146346589272,169.56912667384535
2025-08-20,1.2928456924818625,1.746384649900965,0.20896121326339734,1.763315973729903,134.47847132214628,169.97285515865397
2025-08-21,-0.22111383380357905,1.0886746536221448,-0.35693862242478736,0.6838781509337246,135.4907409278089,169.95258493300764
2025-08-22,0.3785864906424799,1.1950924808590884,0.6105965952185917,0.22380680697997457,135.7191605307798,169.8449131287392
2025-08-25,1.3795838221101264,2.2759031827544427,0.9826960352180418,1.6445943655598623,135.88670092154186,170.60125053502145
2025-08-26,-0.8387182882022539,0.8682090988635782,-1.477470711093981,0.12699038727483447,136.89766219786563,170.53812664353683
2025-08-27,-0.9466014990520455,-0.29544467490436177,0.013754463159042274,-1.533704300793623,139.3823362059012,170.9979534095594
2025-08-28,0.16768103681571647,-0.053902469362554856,0.158740635762339,-0.4949400125207154,139.99351931188028,172.13836058774734
2025-08-29,-1.5111165833472666,-1.5515434353691828,-1.614297996592787,-1.3937398575762652,142.74679432646172,172.79249100494292
2025-09-01,0.4033245510897683,-0.7603330254371188,1.4526182488750798,-0.6544570572533184,142.66031442637708,171.6554997918555
2025-09-02,0.15543765638798057,-0.4148121126898585,-0.7887642053808214,0.43776484215081835,140.78294230518102,170.1252715083501
2025-09-03,-0.2807686137851326,-0.5918776983025265,0.23192811971240124,-0.17196225431354623,142.1371108705713,169.56241190777837
2025-09-04,0.6182694107757407,0.17436113704884587,0.4675161329626799,0.4217313811261479,142.58740356861247,169.31711049632247
2025-09-05,0.5600421805803614,0.6908130333669957,0.25615669415461945,0.9928307681233799,143.11886907201776,168.92607873719777
2025-09-08,1.0867927631018974,1.6049025381271442,0.9202909119013948,1.4788222895081504,142.38430136822268,169.57161878294477
2025-09-09,-0.8003786848835455,0.4032982187118128,-1.398567777619452,-0.039623750712217354,142.85837671006044,169.39880126992887
2025-09-10,1.5536006981038692,1.856074362137729,2.462669753556513,0.9933356186853874,142.20608216361472,168.4531753934279
2025-09-11,-0.4177618478284273,0.9742939237748693,-2.018497187640161,0.669758640844281,142.44045837236,166.97647254695113
2025-09-12,-0.791304304777813,-0.06058386194666099,0.5207188671882919,-1.083737598257712,141.50531813749774,165.94380778280512
2025-09-15,-0.37879126601117014,-0.4242291624711659,-0.7172585296835599,-0.9327042793556393,142.8622893659079,164.48864705830366
2025-09-16,0.07325655646676359,-0.24491531538661082,0.5394746007610774,-0.1918973297410555,145.5069397966945,163.7574031045928
2025-09-17,-0.5877222286613804,-0.7714087152013385,-0.9383807191560807,-0.5364426391346458,143.31162704673244,165.6825362093989
2025-09-18,1.4367225814748081,0.8581660450738042,2.0466700489262606,1.025317021411842,142.5023751646491,167.15588073549563
2025-09-19,-0.23823052109869186,0.40539401270666137,-1.5685660529007615,0.7674752859336738,144.43463340998892,165.9326583629559
2025-09-22,-0.20239737456347273,0.1016481349665233,0.8171705598220224,-0.36915873933255705,143.82308288725284,164.92217156828104
2025-09-23,1.4815677012967503,1.5578038025216427,0.9504068374124357,1.3398895391023193,141.84821294138902,164.07295233063246
2025-09-24,1.1626610743126722,2.3310139262039042,0.544896629994589,2.1997584652203974,144.02849702277848,163.63201221295728
2025-09-25,0.7495624259994421,2.4978228706523704,0.3953796165029593,1.5634251780183126,144.78111136988164,163.88718837480113
2025-09-26,0.20266534113939066,2.0760324941286683,-0.05433140958753285,0.7273590393390001,144.96959488521867,162.98144081538805
2025-09-29,0.39296859399192907,1.9499929645884304,0.42828401022382545,0.5348343327895025,145.97509697950534,162.37636327698561
2025-09-30,0.46761873416084054,1.9301134576021632,0.189234127515354,0.7426967499551909,146.64807249224097,164.34359636499053
2025-10-01,1.3020247586285099,2.749609851830132,1.1790225757435298,1.6293578725410982,145.71947025930453,165.60352873877997
2025-10-02,0.6444634403124931,2.706670829185092,-0.12190123392080121,1.55588077135245,144.92969320819128,166.00765513962435
2025-10-03,-1.10415797903558,0.9258451428532388,-1.0249221769870591,-0.6530335708168349,145.39669111202272,166.75433433319023
2025-10-06,-0.8858474630323532,-0.19146360589242406,-0.21964804799076476,-1.6587580483572593,146.64038826591562,167.00779219081315
2025-10-07,-0.3816418625555793,-0.5252395669748974,-0.2388706313615822,-1.0017350866782264,146.54742332164196,167.6494585967685
2025-10-08,0.08201250816934706,-0.311917167061826,0.23727841855437548,-0.18513679561955843,145.48299794865545,167.16987731798528
2025-10-09,-0.07180487642244966,-0.30574275171881915,-0.22603584848279373,-0.014396120703906723,144.4521998805132,166.07904808314697
2025-10-10,-0.5750670932712401,-0.8043741570603544,-0.4281437917574241,-0.6253305067669548,145.7510708919299,165.7186995552607
2025-10-13,-0.7538507344252899,-1.3571313522205557,-0.47555726978296425,-1.156397699715158,145.30199936369073,165.85566934163285
2025-10-14,-0.1073964092964502,-1.1252449234618669,0.2017158160624766,-0.6350919233941531,145.6453795223882,165.73172377572314
2025-10-15,-0.5843373047273235,-1.4282709973237235,-0.7154525851679333,-0.6595147912348386,145.28185246660018,167.5569806358241
2025-10-16,1.4099088351153959,0.33870558712260324,1.8749530154745526,1.0008727218062694,144.93276294259528,169.8864000128167
2025-10-17,-0.8216333054462497,-0.5676041151042972,-2.040352765504709,0.16530287913452735,145.35207891520338,170.6871113577589
2025-10-20,0.8349123646421936,0.40920927831397075,2.1611416622202544,0.25976905082981894,145.41932787068544,168.23975769307953
2025-10-21,1.910153062267276,2.2170600210027542,0.5054109818241106,2.4945917175168115,144.17394034130643,167.86305812001928
2025-10-22,0.7265327116950636,2.3893277274471294,0.3980155735093917,2.063639855282157,142.62300585267877,170.3858602698947
2025-10-23,0.5779292055953469,2.369925001180694,0.31921908281424227,1.0865021037818914,144.7788352767316,171.6220213605739
2025-10-24,-1.1063838428416508,0.6710599080438697,-1.3138762466709082,-0.701833398924908,145.5362655712227,172.87151629420913
2025-10-27,-0.52217995202695,-0.018885020994047763,0.3318396083091404,-1.2966486420161054,145.43628864077573,175.35442107244015
2025-10-28,-0.9186798309020948,-0.9328435966476306,-1.134375576303036,-1.2842057973209597,144.8230563985099,176.84509437754392
2025-10-29,-2.557758011779608,-3.257390709265331,-1.8204138871826347,-3.2008338934110743,145.818281418661,176.73646129505744
2025-10-30,0.2962831090712745,-2.146759922877724,1.4795521357399872,-1.494147499174451,145.47963635747564,176.79947074263842
2025-10-31,0.19787248805891064,-1.4121974540993822,-0.7638364001720811,0.40527066440880277,144.5145699782888,178.12529527225013
2025-11-03,1.3046924926640633,0.24554440208952655,1.801186152775916,1.4432032343053007,147.04065765977563,177.52146712179905
2025-11-04,-1.6852732715469856,-1.5011149699798407,-2.8560442708513314,-0.7719885266821414,146.4520429227655,177.67712927869343
2025-11-05,-0.648478997236513,-1.7743152247213936,1.2079497788168525,-1.8281702873194028,147.6316707709855,177.93473680311067
2025-11-06,0.9792399594905925,-0.3514964590504528,0.19407260325963838,0.5253046614250334,147.20797736782717,179.06146823270558
2025-11-07,0.8874340114666529,0.6238116671788133,0.7612868193478879,1.5729019831100675,146.55286087033943,180.33894853004657
2025-11-10,-0.13800567706001626,0.3298530733240937,-0.6328421096361434,0.4831981309666407,145.46458495815077,179.99648110030824
2025-11-11,-1.3605888941678128,-1.1131990891747425,-0.9492415229043196,-1.4571928681098243,148.1516302330902,181.2784803764048
2025-11-12,-1.932435991133697,-2.767335308014754,-1.3154290012458891,-2.884848217051166,147.06213663191878,181.42746136653597
2025-11-13,-1.1307985932251234,-3.2063000742361885,-0.2757697424152955,-2.4835037870187113,146.07413297791368,182.09810597881182
2025-11-14,-0.0906175950983436,-2.4953426507754846,0.08863273747159847,-0.8821766103559299,145.4732934282655,182.55947643175824
2025-11-17,0.31844731769903023,-1.5530596703825834,0.26083603834249125,0.2550150011301897,147.03685714245557,184.03082585965433
2025-11-18,-0.21782922778552463,-1.3826239805724623,-0.3873726527081439,0.005083894603796518,147.41194444884147,182.95950521767782
2025-11-19,0.3826205019504793,-0.6543474834788674,0.6344127262107728,0.23014004250061207,146.34685138024864,181.61560849793517
2025-11-20,0.13114115100287163,-0.3596194616062789,-0.2812271210341307,0.3989755023682071,147.72025276922062,180.61636022335352
2025-11-21,0.8953177945136582,0.6256031983089491,1.0781154231858432,0.9871166002156684,146.9418582180232,179.05299282546883
2025-11-24,1.1576222136455954,1.6268246123773071,0.4568471885747972,1.7843446698051562,146.97288926526699,178.71997951993058
2025-11-25,-1.0782171171564765,0.14190134212650385,-1.3751677897300947,-0.26788156760455983,147.81395716442356,178.17493353739866
2025-11-26,-1.3138722897930537,-1.2074462831981758,-0.42001322646849215,-2.0686242718025873,148.54846757286452,177.75896345569157
2025-11-27,0.4507247997246769,-0.4548599126739549,0.7237333969291968,-0.4689858031304606,148.09276912756755,177.5548080591753
2025-11-28,1.5272112375734102,1.186066303067944,1.0567845295694323,1.8427185973806839,146.6809407653276,178.88096973309626
2025-12-01,0.35313364432746,1.2426833716284178,-0.333776299892671,1.422181510628847,145.47202512536967,179.60958645756398
2025-12-02,1.639421360595224,2.571433889316537,1.85637595552546,1.886614911624446,144.84881974672734,179.75663042646494
2025-12-03,1.1420214653651377,3.0705968823525405,-0.06462290572641138,2.2896164177817946,144.93767475803764,179.0120163964205
2025-12-04,1.168228729347493,3.4711763911118982,1.2102336180696602,1.9676437551030892,143.58028703238898,178.65463800817264
2025-12-05,-1.152413113970021,1.4509691793639026,-1.9390649657153003,-0.3346530034267762,144.50733002894583,179.3176860788608
2025-12-08,0.012307634210478481,1.1005345187334055,1.2726998619254237,-0.7943815455685362,142.92588105303196,182.239678594018
2025-12-09,-0.8780387089484811,-0.052637819898426974,-1.7052936192000065,-0.8694233650011461,144.21191792565259,186.6994446010458
2025-12-10,0.5837469491826794,0.5442685842588593,1.6921878016626837,-0.030880147081257303,142.93951847921034,190.1257942231132
2025-12-11,-0.36904598975262287,0.03915544844152158,-1.4689680608333673,0.03957687467525273,144.56900776434844,190.1864022742916
2025-12-12,0.4504808415781694,0.4798474279093106,1.4053100811198582,0.19214864875133342,143.54951837464142,189.45783272066367
2025-12-15,0.2172207814422587,0.5771063523742417,-0.6962307712856493,0.5325573705469773,144.06639201254842,189.62756343104803
2025-12-16,1.0567555356380525,1.4895852999187338,1.5093055369737245,1.2088100826476336,144.00080102142937,190.60104695940828
2025-12-17,-0.9399002106518511,0.1772887642871993,-1.9209488096847722,-0.2001713357052145,144.53028352715248,191.65829125742806
2025-12-18,1.0948234010276041,1.2277899742430036,2.3434401273227063,0.43689325357130837,141.53098123685626,190.90270406933752
2025-12-19,-0.7949843496252746,0.12585813105697807,-2.3182204323850337,-0.028607968905951853,143.0317185472828,190.39585157409823
2025-12-22,-0.9766151805720064,-0.8822215822792728,0.5302281004782655,-1.5331042253096987,144.56907696193267,190.47955501058146
2025-12-23,-0.4687176718735905,-1.1303838585830452,-0.813365937184463,-1.1523482982739948,143.93727577830168,191.09762216250485
2025-12-24,-0.390097509740357,-1.237885403677641,0.138590349429544,-0.7181998800518703,143.0520406776937,191.68523516922977
2025-12-25,1.728195262207519,0.7997812094492882,1.6381115350783153,1.455127005389269,142.85681696599147,192.59519766152087
2025-12-26,0.5854780016579635,1.1853139087449296,-0.4792944961429415,1.7952146852032267,142.3040546331824,191.54307315609537
2025-12-29,0.0640030051710645,0.9529884367297616,0.3755444276639765,0.4738376063316389,143.28308578464953,189.62744035279565
