date,symbol,open,high,low,close,adjusted_close,volume,bid,ask
2023-01-02,SYNTH-MKT,100.150023,101.330817,99.484596,100.539642,100.539642,11307149,100.517274,100.562011
2023-01-03,SYNTH-MKT,100.610681,102.524768,99.650189,101.511623,101.511623,10094209,101.489557,101.533688
2023-01-04,SYNTH-MKT,101.392459,102.486998,98.530829,99.805302,99.805302,15344328,99.778962,99.831642
2023-01-05,SYNTH-MKT,99.586664,100.186134,98.741893,99.465724,99.465724,11423268,99.444998,99.486449
2023-01-06,SYNTH-MKT,99.083703,100.702193,98.365213,100.043594,100.043594,10634795,100.022677,100.064511
2023-01-09,SYNTH-MKT,100.317293,101.129000,98.633798,99.491439,99.491439,13607685,99.463532,99.519345
2023-01-10,SYNTH-MKT,99.755158,100.695579,99.140383,100.170192,100.170192,14608029,100.148343,100.192042
2023-01-11,SYNTH-MKT,100.275095,101.442607,99.567460,100.586076,100.586076,8858233,100.563335,100.608817
2023-01-12,SYNTH-MKT,100.896952,101.581294,100.023901,100.784685,100.784685,11145650,100.762458,100.806911
2023-01-13,SYNTH-MKT,100.808709,102.406508,100.057100,101.745700,101.745700,14434405,101.722316,101.769083
2023-01-16,SYNTH-MKT,101.804114,103.861805,100.997273,103.223095,103.223095,10094928,103.200123,103.246067
2023-01-17,SYNTH-MKT,103.242864,103.653835,102.113710,102.670127,102.670127,14122072,102.647568,102.692685
2023-01-18,SYNTH-MKT,102.726457,103.951872,101.986839,103.121533,103.121533,11441473,103.097659,103.145407
2023-01-19,SYNTH-MKT,102.957286,103.825208,101.949455,102.496152,102.496152,12391456,102.474462,102.517842
2023-01-20,SYNTH-MKT,102.738689,104.269917,102.045747,103.536177,103.536177,21583529,103.512367,103.559986
2023-01-23,SYNTH-MKT,103.446439,103.941255,102.854158,103.270439,103.270439,11101426,103.244166,103.296713
2023-01-24,SYNTH-MKT,103.425572,104.008177,102.822931,103.365039,103.365039,12248195,103.341405,103.388674
2023-01-25,SYNTH-MKT,103.249684,103.906295,101.916734,102.328629,102.328629,21065969,102.292693,102.364565
2023-01-26,SYNTH-MKT,102.310220,102.886144,100.501889,101.233008,101.233008,13954032,101.205979,101.260036
2023-01-27,SYNTH-MKT,101.396289,102.009299,99.924768,100.733983,100.733983,28239654,100.713026,100.754940
2023-01-30,SYNTH-MKT,100.663139,101.348046,99.950914,100.637874,100.637874,11178568,100.614736,100.661013
2023-01-31,SYNTH-MKT,100.449968,101.718771,99.908199,100.961790,100.961790,10691998,100.940114,100.983467
2023-02-01,SYNTH-MKT,101.239647,101.848892,100.532873,101.309379,101.309379,11253647,101.287087,101.331670
2023-02-02,SYNTH-MKT,101.519477,103.551752,100.725673,102.616194,102.616194,14015693,102.592928,102.639459
2023-02-03,SYNTH-MKT,102.308823,102.752773,101.223707,101.892501,101.892501,15763742,101.871516,101.913487
2023-02-06,SYNTH-MKT,101.693377,102.986923,100.753101,102.161619,102.161619,10461405,102.141354,102.181883
2023-02-07,SYNTH-MKT,101.754782,103.839211,100.802043,102.870197,102.870197,12692386,102.847051,102.893343
2023-02-08,SYNTH-MKT,102.723542,104.230400,101.736890,103.409064,103.409064,8683145,103.386514,103.431615
2023-02-09,SYNTH-MKT,103.503512,104.202573,102.051232,102.872734,102.872734,18450996,102.849174,102.896295
2023-02-10,SYNTH-MKT,103.420075,104.277383,102.842911,103.584455,103.584455,16030297,103.561222,103.607688
2023-02-13,SYNTH-MKT,103.436546,104.052628,102.658765,103.515473,103.515473,15137689,103.493636,103.537309
2023-02-14,SYNTH-MKT,103.429110,104.829235,102.903358,104.155615,104.155615,14782329,104.133228,104.178001
2023-02-15,SYNTH-MKT,103.601146,105.311496,102.937440,104.448334,104.448334,23003691,104.423657,104.473012
2023-02-16,SYNTH-MKT,104.648736,105.484736,103.488148,104.275395,104.275395,10243584,104.254679,104.296111
2023-02-17,SYNTH-MKT,104.381065,104.937761,103.764506,104.443380,104.443380,11131816,104.419518,104.467242
2023-02-20,SYNTH-MKT,104.912531,105.720034,102.768606,103.526450,103.526450,18076704,103.503330,103.549570
2023-02-21,SYNTH-MKT,103.107754,104.223267,102.293899,103.676027,103.676027,11043164,103.649670,103.702385
2023-02-22,SYNTH-MKT,104.066482,104.603546,103.155346,103.609122,103.609122,11940458,103.588249,103.629995
2023-02-23,SYNTH-MKT,103.492928,104.052576,101.756763,102.292981,102.292981,15253865,102.270147,102.315814
2023-02-24,SYNTH-MKT,102.239734,102.951609,100.849287,101.634061,101.634061,11377595,101.612909,101.655214
2023-02-27,SYNTH-MKT,101.495679,102.506706,100.581956,101.698343,101.698343,7018806,101.669859,101.726826
2023-02-28,SYNTH-MKT,101.822995,102.237223,100.436916,101.075179,101.075179,18764413,101.049498,101.100859
2023-03-01,SYNTH-MKT,101.054851,101.974661,100.350117,101.117314,101.117314,13672851,101.096443,101.138186
2023-03-02,SYNTH-MKT,101.497476,101.898199,100.297865,100.831892,100.831892,15282653,100.810790,100.852994
2023-03-03,SYNTH-MKT,100.591769,101.455041,98.690027,99.382467,99.382467,13838751,99.358651,99.406282
2023-03-06,SYNTH-MKT,99.240164,99.964184,98.349608,99.190646,99.190646,23465993,99.168914,99.212377
2023-03-07,SYNTH-MKT,98.866984,99.881385,97.951490,98.931293,98.931293,9791396,98.910689,98.951897
2023-03-08,SYNTH-MKT,98.901226,101.754512,97.520116,100.457884,100.457884,18966207,100.432025,100.483742
2023-03-09,SYNTH-MKT,100.384253,100.964355,99.740324,100.285497,100.285497,13368162,100.255152,100.315842
2023-03-10,SYNTH-MKT,100.397675,103.131664,94.859981,96.999508,96.999508,18250691,96.972095,97.026920
2023-03-13,SYNTH-MKT,97.125894,98.200144,96.452846,97.489840,97.489840,7956392,97.468713,97.510968
2023-03-14,SYNTH-MKT,97.417647,97.827642,96.825915,97.396211,97.396211,12449203,97.376796,97.415626
2023-03-15,SYNTH-MKT,97.129823,97.852261,96.323960,96.759830,96.759830,14547551,96.731606,96.788053
2023-03-16,SYNTH-MKT,96.772298,98.234373,95.975806,97.319573,97.319573,12358464,97.299696,97.339450
2023-03-17,SYNTH-MKT,97.490163,98.141909,96.297731,96.926754,96.926754,11735767,96.903416,96.950092
2023-03-20,SYNTH-MKT,96.779092,97.558885,94.055850,95.282066,95.282066,10124633,95.256337,95.307794
2023-03-21,SYNTH-MKT,95.134222,95.715126,94.293483,95.108129,95.108129,10283278,95.085806,95.130453
2023-03-22,SYNTH-MKT,95.087563,95.687064,94.250698,94.886980,94.886980,16438203,94.865070,94.908889
2023-03-23,SYNTH-MKT,95.162578,95.768486,94.130141,95.159601,95.159601,11739944,95.136522,95.182679
2023-03-24,SYNTH-MKT,95.233865,96.024478,94.539190,95.186515,95.186515,8501484,95.166321,95.206710
2023-03-27,SYNTH-MKT,95.239141,96.033468,94.516812,95.293532,95.293532,10053447,95.272613,95.314451
2023-03-28,SYNTH-MKT,95.311345,95.806784,94.358768,95.062423,95.062423,11867476,95.036858,95.087988
2023-03-29,SYNTH-MKT,94.774155,95.246028,93.264222,94.006976,94.006976,16512312,93.984604,94.029348
2023-03-30,SYNTH-MKT,93.938527,94.698034,91.800926,92.688472,92.688472,6017317,92.665232,92.711712
2023-03-31,SYNTH-MKT,92.987669,93.880600,92.035341,92.604191,92.604191,12189845,92.585061,92.623322
2023-04-03,SYNTH-MKT,92.146192,92.871709,91.579005,92.271909,92.271909,9717077,92.247966,92.295851
2023-04-04,SYNTH-MKT,92.235712,92.791536,91.500226,91.855457,91.855457,14869993,91.835492,91.875423
2023-04-05,SYNTH-MKT,91.886616,93.054756,91.240626,92.501205,92.501205,11930862,92.480285,92.522125
2023-04-06,SYNTH-MKT,92.568912,93.091956,91.221239,91.666599,91.666599,12842961,91.645913,91.687284
2023-04-07,SYNTH-MKT,91.595122,93.468796,90.670078,92.751559,92.751559,13103001,92.731306,92.771812
2023-04-10,SYNTH-MKT,92.880575,94.627835,89.769779,90.905601,90.905601,10142374,90.873908,90.937295
2023-04-11,SYNTH-MKT,90.518234,94.194973,88.961994,93.242424,93.242424,17320106,93.218325,93.266524
2023-04-12,SYNTH-MKT,93.100735,93.678124,91.621105,92.268218,92.268218,12790326,92.240089,92.296347
2023-04-13,SYNTH-MKT,92.602913,93.234913,91.452751,92.007925,92.007925,15737645,91.989316,92.026535
2023-04-14,SYNTH-MKT,92.183305,92.644744,90.218843,90.912170,90.912170,19663713,90.890546,90.933794
2023-04-17,SYNTH-MKT,91.056672,91.782913,87.983210,89.115621,89.115621,25957480,89.091183,89.140059
2023-04-18,SYNTH-MKT,89.601383,90.577307,87.073998,87.757198,87.757198,16448536,87.735309,87.779087
2023-04-19,SYNTH-MKT,87.877599,88.427186,86.938748,87.558740,87.558740,10769920,87.539999,87.577481
2023-04-20,SYNTH-MKT,87.302722,87.865212,85.867901,86.622649,86.622649,8443534,86.601685,86.643614
2023-04-21,SYNTH-MKT,86.612219,88.006210,82.743774,84.417521,84.417521,26667833,84.395942,84.439100
2023-04-24,SYNTH-MKT,84.215871,84.639571,82.950699,83.566087,83.566087,9884705,83.547078,83.585096
2023-04-25,SYNTH-MKT,83.676915,90.588297,80.303665,87.566790,87.566790,18594612,87.537946,87.595634
2023-04-26,SYNTH-MKT,87.671791,88.701315,85.626215,86.344312,86.344312,13410828,86.324966,86.363659
2023-04-27,SYNTH-MKT,86.602091,87.910793,85.824163,87.240617,87.240617,9139464,87.219846,87.261389
2023-04-28,SYNTH-MKT,87.092182,88.179726,86.565700,87.623050,87.623050,14123966,87.603228,87.642873
2023-05-01,SYNTH-MKT,87.921715,88.562990,86.911871,87.514282,87.514282,13067923,87.495093,87.533471
2023-05-02,SYNTH-MKT,87.711897,90.585879,86.720375,89.572101,89.572101,15885415,89.548468,89.595734
2023-05-03,SYNTH-MKT,89.499118,90.306945,88.758317,89.430386,89.430386,15909336,89.412515,89.448256
2023-05-04,SYNTH-MKT,89.075853,89.634728,88.119166,88.608871,88.608871,14708879,88.587617,88.630126
2023-05-05,SYNTH-MKT,88.707263,91.274735,87.542722,89.992128,89.992128,20384239,89.968474,90.015783
2023-05-08,SYNTH-MKT,89.920216,91.225419,89.512402,90.620825,90.620825,9482158,90.597042,90.644608
2023-05-09,SYNTH-MKT,90.571151,93.716795,89.512983,92.372436,92.372436,15250981,92.349965,92.394908
2023-05-10,SYNTH-MKT,92.773665,95.835715,91.177723,94.244922,94.244922,13229081,94.214302,94.275541
2023-05-11,SYNTH-MKT,93.983378,96.413591,93.152318,95.772188,95.772188,16452082,95.749646,95.794730
2023-05-12,SYNTH-MKT,95.646698,96.714412,94.720083,95.813482,95.813482,16391479,95.793198,95.833766
2023-05-15,SYNTH-MKT,95.889180,96.945181,95.164577,96.095693,96.095693,8284337,96.071583,96.119804
2023-05-16,SYNTH-MKT,96.038008,97.286408,95.170624,96.613082,96.613082,16541577,96.592372,96.633791
2023-05-17,SYNTH-MKT,96.459139,96.991218,95.632291,96.371081,96.371081,14712741,96.348862,96.393301
2023-05-18,SYNTH-MKT,96.570396,97.205739,95.117774,95.640078,95.640078,15323505,95.618286,95.661870
2023-05-19,SYNTH-MKT,95.797703,96.719475,94.872816,95.887527,95.887527,15242488,95.866627,95.908428
2023-05-22,SYNTH-MKT,95.922492,97.147543,95.224899,96.295435,96.295435,17111480,96.275585,96.315285
2023-05-23,SYNTH-MKT,96.511716,98.639905,95.582800,97.719896,97.719896,14244155,97.694751,97.745041
2023-05-24,SYNTH-MKT,97.400775,98.682293,96.831380,98.019780,98.019780,17786577,97.986377,98.053183
2023-05-25,SYNTH-MKT,98.301804,99.138609,97.638880,98.493348,98.493348,18009287,98.472792,98.513904
2023-05-26,SYNTH-MKT,98.155916,99.144169,97.448281,98.426281,98.426281,11651247,98.405145,98.447417
2023-05-29,SYNTH-MKT,98.587178,99.412854,98.120338,98.804403,98.804403,14022382,98.784061,98.824746
2023-05-30,SYNTH-MKT,98.685287,99.404979,98.223207,98.688334,98.688334,16546637,98.665201,98.711467
2023-05-31,SYNTH-MKT,98.728563,101.267815,97.502418,100.030354,100.030354,15727916,100.003996,100.056711
2023-06-01,SYNTH-MKT,100.378100,101.719881,96.914452,98.001182,98.001182,16830424,97.971621,98.030743
2023-06-02,SYNTH-MKT,97.923044,100.689388,97.105106,99.422449,99.422449,13459277,99.395346,99.449552
2023-06-05,SYNTH-MKT,99.369075,100.315447,98.809455,99.609839,99.609839,8559532,99.586389,99.633289
2023-06-06,SYNTH-MKT,99.647248,101.438073,98.894221,100.728358,100.728358,10922759,100.706671,100.750045
2023-06-07,SYNTH-MKT,100.893767,101.566330,98.989621,99.739725,99.739725,18305042,99.718298,99.761151
2023-06-08,SYNTH-MKT,99.450453,101.582495,98.663674,100.865092,100.865092,18642544,100.842970,100.887214
2023-06-09,SYNTH-MKT,100.969310,104.328518,99.600960,102.933104,102.933104,17785450,102.906185,102.960022
2023-06-12,SYNTH-MKT,102.922320,103.587389,102.199716,102.841054,102.841054,20181423,102.817903,102.864206
2023-06-13,SYNTH-MKT,102.632217,103.278371,100.842212,101.762607,101.762607,18962308,101.738299,101.786914
2023-06-14,SYNTH-MKT,101.410271,105.877278,100.099872,104.633225,104.633225,14999442,104.605050,104.661400
2023-06-15,SYNTH-MKT,104.483627,105.619052,102.001880,102.895201,102.895201,14682434,102.870491,102.919912
2023-06-16,SYNTH-MKT,103.032198,105.684671,101.610609,104.479437,104.479437,10222141,104.455883,104.502990
2023-06-19,SYNTH-MKT,104.510310,105.372750,102.994228,103.839958,103.839958,9887305,103.815931,103.863986
2023-06-20,SYNTH-MKT,104.004898,104.791406,103.058604,103.657681,103.657681,12097135,103.627312,103.688049
2023-06-21,SYNTH-MKT,103.287642,104.339349,101.922981,102.953214,102.953214,8874857,102.929494,102.976933
2023-06-22,SYNTH-MKT,102.977455,103.637256,101.765846,102.557408,102.557408,10268450,102.532798,102.582019
2023-06-23,SYNTH-MKT,102.675877,103.634709,101.119731,102.010202,102.010202,20191187,101.987377,102.033027
2023-06-26,SYNTH-MKT,102.134111,102.889767,100.025396,100.858362,100.858362,10086398,100.836215,100.880508
2023-06-27,SYNTH-MKT,101.166572,101.725465,99.550718,99.950297,99.950297,15229135,99.928171,99.972423
2023-06-28,SYNTH-MKT,99.729274,100.578797,99.168177,99.915208,99.915208,13188655,99.892733,99.937683
2023-06-29,SYNTH-MKT,100.024614,100.765151,98.405037,99.322039,99.322039,12054378,99.300395,99.343683
2023-06-30,SYNTH-MKT,99.119348,100.489657,98.388173,99.802002,99.802002,15249872,99.774151,99.829854
2023-07-03,SYNTH-MKT,99.912248,101.132096,99.197388,100.421385,100.421385,13200091,100.397818,100.444951
2023-07-04,SYNTH-MKT,100.098181,101.824425,99.436121,100.978662,100.978662,9141404,100.953910,101.003415
2023-07-05,SYNTH-MKT,100.942379,102.631051,100.384097,102.119108,102.119108,13365642,102.094923,102.143293
2023-07-06,SYNTH-MKT,102.095853,102.982617,101.141295,101.818129,101.818129,11381959,101.795457,101.840800
2023-07-07,SYNTH-MKT,101.799306,103.715299,100.929045,102.751047,102.751047,12656952,102.729232,102.772863
2023-07-10,SYNTH-MKT,102.673536,103.919648,101.941994,103.279764,103.279764,18276889,103.258545,103.300983
2023-07-11,SYNTH-MKT,103.102007,104.676598,102.479263,104.105595,104.105595,18181795,104.083285,104.127906
2023-07-12,SYNTH-MKT,103.835623,104.666496,103.189820,103.999278,103.999278,13403721,103.977558,104.020997
2023-07-13,SYNTH-MKT,104.054623,105.728687,103.365837,104.919976,104.919976,13822729,104.891017,104.948934
2023-07-14,SYNTH-MKT,104.725545,106.552323,104.078156,105.682520,105.682520,20329494,105.658735,105.706306
2023-07-17,SYNTH-MKT,105.657625,106.925529,105.120988,106.191204,106.191204,17022520,106.167538,106.214871
2023-07-18,SYNTH-MKT,106.573298,107.578514,105.519959,106.481961,106.481961,15593480,106.458134,106.505788
2023-07-19,SYNTH-MKT,106.471299,108.388325,101.246133,103.524772,103.524772,10090442,103.494711,103.554832
2023-07-20,SYNTH-MKT,103.418252,105.233413,102.740099,104.668324,104.668324,18840188,104.624550,104.712098
2023-07-21,SYNTH-MKT,105.045133,106.785719,104.258301,105.922208,105.922208,10382495,105.895489,105.948927
2023-07-24,SYNTH-MKT,106.003797,108.017580,105.121488,107.114226,107.114226,18736857,107.089453,107.138999
2023-07-25,SYNTH-MKT,106.800146,107.784272,105.990473,106.861586,106.861586,12056046,106.827079,106.896092
2023-07-26,SYNTH-MKT,106.911950,107.770347,105.209753,105.918543,105.918543,9248331,105.895970,105.941117
2023-07-27,SYNTH-MKT,105.980020,106.916450,105.396778,106.480740,106.480740,10756830,106.452146,106.509334
2023-07-28,SYNTH-MKT,106.903720,107.580016,106.105382,106.924754,106.924754,9877139,106.900826,106.948683
2023-07-31,SYNTH-MKT,106.658202,107.163325,105.755178,106.389602,106.389602,14585903,106.367927,106.411278
2023-08-01,SYNTH-MKT,106.750199,107.321174,105.573712,106.408920,106.408920,25599230,106.385837,106.432003
2023-08-02,SYNTH-MKT,106.692223,107.367265,104.862828,105.595740,105.595740,8651176,105.573891,105.617588
2023-08-03,SYNTH-MKT,105.777451,106.854427,105.171721,106.002490,106.002490,12641173,105.974862,106.030117
2023-08-04,SYNTH-MKT,106.166799,107.200494,103.638641,104.732215,104.732215,12882241,104.708717,104.755713
2023-08-07,SYNTH-MKT,104.835775,105.431694,103.271804,103.991618,103.991618,13544728,103.964995,104.018242
2023-08-08,SYNTH-MKT,103.954266,104.722415,103.410398,104.201638,104.201638,12028811,104.177913,104.225363
2023-08-09,SYNTH-MKT,104.044942,104.736883,102.804434,103.561208,103.561208,21640390,103.537647,103.584769
2023-08-10,SYNTH-MKT,103.281485,104.827478,102.608490,103.999990,103.999990,9340894,103.976611,104.023369
2023-08-11,SYNTH-MKT,103.797582,104.450046,102.827270,103.594301,103.594301,18591828,103.573340,103.615261
2023-08-14,SYNTH-MKT,103.504062,104.276632,102.773498,103.743062,103.743062,28312772,103.719721,103.766403
2023-08-15,SYNTH-MKT,103.841145,105.246155,100.896330,101.956233,101.956233,18341758,101.931410,101.981057
2023-08-16,SYNTH-MKT,102.045831,102.832020,100.800319,101.323570,101.323570,11767651,101.301646,101.345495
2023-08-17,SYNTH-MKT,101.085369,101.679549,100.367899,100.927575,100.927575,10971532,100.899985,100.955165
2023-08-18,SYNTH-MKT,100.964765,101.528295,99.328065,99.981910,99.981910,13248273,99.959636,100.004183
2023-08-21,SYNTH-MKT,100.026151,101.982005,95.082775,97.243772,97.243772,13112422,97.217842,97.269702
2023-08-22,SYNTH-MKT,97.099502,98.154632,96.631603,97.550735,97.550735,9822299,97.530802,97.570669
2023-08-23,SYNTH-MKT,97.777388,98.635825,96.355103,97.166189,97.166189,18172648,97.145510,97.186869
2023-08-24,SYNTH-MKT,97.438846,98.378053,95.437058,96.612521,96.612521,14079978,96.590300,96.634742
2023-08-25,SYNTH-MKT,96.756204,99.101827,91.469215,93.894578,93.894578,20770156,93.864437,93.924719
2023-08-28,SYNTH-MKT,94.209146,95.612173,93.011306,94.544883,94.544883,10050655,94.521874,94.567891
2023-08-29,SYNTH-MKT,94.481661,96.412051,92.988778,94.652840,94.652840,10435542,94.630659,94.675020
2023-08-30,SYNTH-MKT,95.179641,97.013384,93.689671,95.759074,95.759074,11033952,95.731143,95.787006
2023-08-31,SYNTH-MKT,95.483105,96.416795,92.269179,93.727983,93.727983,13780942,93.701315,93.754650
2023-09-01,SYNTH-MKT,93.790603,96.372035,91.725266,94.455937,94.455937,12553057,94.429124,94.482751
2023-09-04,SYNTH-MKT,94.823395,96.235723,93.890116,94.953406,94.953406,15826197,94.927060,94.979753
2023-09-05,SYNTH-MKT,95.324678,96.585644,90.963410,92.794311,92.794311,24356242,92.764914,92.823708
2023-09-06,SYNTH-MKT,92.981649,94.268575,90.170855,92.225799,92.225799,17646794,92.191574,92.260023
2023-09-07,SYNTH-MKT,92.728896,94.127755,91.483939,92.706028,92.706028,15114890,92.681993,92.730063
2023-09-08,SYNTH-MKT,92.775544,97.670148,83.507592,86.160010,86.160010,42470746,86.127112,86.192907
2023-09-11,SYNTH-MKT,86.257011,87.664576,84.334752,86.046921,86.046921,21442320,86.014838,86.079004
2023-09-12,SYNTH-MKT,85.575007,87.297279,82.499815,84.225495,84.225495,12057580,84.200239,84.250752
2023-09-13,SYNTH-MKT,84.570494,86.006253,82.475964,83.779207,83.779207,6838047,83.755345,83.803068
2023-09-14,SYNTH-MKT,84.639150,85.950901,83.070882,84.540068,84.540068,6593585,84.516129,84.564007
2023-09-15,SYNTH-MKT,84.425952,85.866395,80.114142,82.216656,82.216656,14998784,82.189176,82.244136
2023-09-18,SYNTH-MKT,82.394287,84.283085,78.574160,80.276160,80.276160,9699351,80.251917,80.300403
2023-09-19,SYNTH-MKT,79.764445,81.899659,78.154164,80.659681,80.659681,8800934,80.637452,80.681911
2023-09-20,SYNTH-MKT,81.026604,82.477711,78.756219,80.407608,80.407608,15203145,80.387201,80.428014
2023-09-21,SYNTH-MKT,80.630724,82.007814,79.308147,80.718655,80.718655,12736081,80.697261,80.740049
2023-09-22,SYNTH-MKT,80.797163,83.160390,79.312461,81.966014,81.966014,8372421,81.937872,81.994156
2023-09-25,SYNTH-MKT,82.197833,85.279282,80.525208,83.546893,83.546893,10104143,83.522448,83.571339
2023-09-26,SYNTH-MKT,83.444604,84.661022,81.878730,83.070238,83.070238,12683623,83.046864,83.093612
2023-09-27,SYNTH-MKT,83.149138,85.858338,81.990674,84.572963,84.572963,16151051,84.549192,84.596733
2023-09-28,SYNTH-MKT,84.933450,86.985789,76.885466,79.481466,79.481466,18843821,79.451821,79.511110
2023-09-29,SYNTH-MKT,79.405664,80.567204,77.417938,79.064205,79.064205,11555657,79.040069,79.088341
2023-10-02,SYNTH-MKT,79.069273,81.129138,72.145261,74.806944,74.806944,18944819,74.780232,74.833657
2023-10-03,SYNTH-MKT,74.759324,75.616638,72.703196,73.799268,73.799268,14735301,73.775473,73.823063
2023-10-04,SYNTH-MKT,73.405494,75.707890,72.049383,74.573389,74.573389,16765162,74.552032,74.594747
2023-10-05,SYNTH-MKT,74.168975,75.911193,73.356391,74.936883,74.936883,10249534,74.917567,74.956199
2023-10-06,SYNTH-MKT,75.306989,77.409519,73.744085,76.070642,76.070642,11489540,76.047542,76.093742
2023-10-09,SYNTH-MKT,75.982172,76.817090,74.543059,75.332132,75.332132,17285706,75.311830,75.352433
2023-10-10,SYNTH-MKT,75.585227,76.677553,74.322421,75.445504,75.445504,7068489,75.426198,75.464809
2023-10-11,SYNTH-MKT,76.398367,77.289074,72.891985,74.265797,74.265797,17311068,74.245644,74.285950
2023-10-12,SYNTH-MKT,74.474677,75.214501,72.101856,73.182404,73.182404,13566674,73.162662,73.202147
2023-10-13,SYNTH-MKT,73.233129,74.425733,71.056476,72.333440,72.333440,15345853,72.312289,72.354591
2023-10-16,SYNTH-MKT,72.403377,74.464652,70.898078,73.031839,73.031839,13632707,73.011435,73.052243
2023-10-17,SYNTH-MKT,72.655707,76.677327,70.972203,75.133267,75.133267,29007220,75.109190,75.157344
2023-10-18,SYNTH-MKT,74.667142,77.358607,73.783559,76.170681,76.170681,11508368,76.146306,76.195056
2023-10-19,SYNTH-MKT,76.142387,78.404124,75.264349,77.259653,77.259653,12371401,77.238868,77.280439
2023-10-20,SYNTH-MKT,76.749747,77.947138,75.125068,76.248279,76.248279,12602209,76.224119,76.272439
2023-10-23,SYNTH-MKT,75.957130,80.074447,74.729184,78.458722,78.458722,19864476,78.435530,78.481915
2023-10-24,SYNTH-MKT,78.023554,80.671622,76.685847,79.105333,79.105333,15348618,79.082521,79.128144
2023-10-25,SYNTH-MKT,79.288963,80.436532,77.956787,78.798827,78.798827,8230859,78.778065,78.819589
2023-10-26,SYNTH-MKT,79.184598,83.776826,76.788108,82.200369,82.200369,18231421,82.173183,82.227554
2023-10-27,SYNTH-MKT,82.352836,85.169739,81.012798,83.427446,83.427446,11667786,83.404776,83.450116
2023-10-30,SYNTH-MKT,84.007848,84.926620,81.096688,82.348680,82.348680,13941479,82.318626,82.378734
2023-10-31,SYNTH-MKT,82.553076,83.854008,80.473196,81.261953,81.261953,21049297,81.237368,81.286539
2023-11-01,SYNTH-MKT,81.249973,82.567554,80.208574,81.378498,81.378498,9808242,81.354316,81.402680
2023-11-02,SYNTH-MKT,80.927768,81.896495,79.700969,80.742706,80.742706,15192346,80.721062,80.764350
2023-11-03,SYNTH-MKT,80.244101,81.392765,79.004894,80.364954,80.364954,10457080,80.344578,80.385329
2023-11-06,SYNTH-MKT,80.113689,83.602666,79.260493,82.355150,82.355150,16837217,82.326621,82.383679
2023-11-07,SYNTH-MKT,82.690413,84.514329,80.725457,82.088122,82.088122,9639025,82.066059,82.110184
2023-11-08,SYNTH-MKT,82.312365,84.704555,76.559031,79.099313,79.099313,16694635,79.070913,79.127714
2023-11-09,SYNTH-MKT,78.949075,84.813139,77.152634,82.004121,82.004121,22988014,81.975609,82.032633
2023-11-10,SYNTH-MKT,82.133434,84.431478,75.881113,78.257890,78.257890,23946163,78.230922,78.284857
2023-11-13,SYNTH-MKT,77.944579,79.428832,76.867763,78.578140,78.578140,10669919,78.555847,78.600434
2023-11-14,SYNTH-MKT,78.697063,79.638695,76.290104,77.560129,77.560129,12225004,77.538830,77.581429
2023-11-15,SYNTH-MKT,77.859721,80.122693,76.767552,79.081446,79.081446,21168897,79.058968,79.103924
2023-11-16,SYNTH-MKT,79.306701,81.478025,78.108756,79.925673,79.925673,11978574,79.901912,79.949435
2023-11-17,SYNTH-MKT,80.292371,81.502364,76.462778,78.115275,78.115275,10411346,78.092369,78.138180
2023-11-20,SYNTH-MKT,78.529690,80.069410,76.935927,78.587420,78.587420,20259836,78.566727,78.608113
2023-11-21,SYNTH-MKT,78.817219,79.908016,76.705074,77.383972,77.383972,20238788,77.361268,77.406675
2023-11-22,SYNTH-MKT,77.616378,78.399487,76.849434,77.628729,77.628729,10989296,77.608870,77.648588
2023-11-23,SYNTH-MKT,77.272666,79.136593,76.221404,78.096052,78.096052,8127563,78.075782,78.116323
2023-11-24,SYNTH-MKT,78.382668,79.514604,75.631581,76.923529,76.923529,12735901,76.902156,76.944903
2023-11-27,SYNTH-MKT,76.610360,77.533328,74.800493,75.732269,75.732269,12458453,75.709763,75.754775
2023-11-28,SYNTH-MKT,75.291809,76.604369,72.535800,73.658746,73.658746,17872935,73.636246,73.681246
2023-11-29,SYNTH-MKT,73.636556,74.812922,72.822026,73.900164,73.900164,8681924,73.876499,73.923829
2023-11-30,SYNTH-MKT,74.870408,77.416414,68.284770,70.663276,70.663276,18229978,70.638630,70.687921
2023-12-01,SYNTH-MKT,71.059171,72.596749,67.916431,69.318155,69.318155,13835678,69.297561,69.338749
2023-12-04,SYNTH-MKT,69.181115,70.635943,66.890680,68.041288,68.041288,14479732,68.021744,68.060832
2023-12-05,SYNTH-MKT,68.100919,68.984092,67.043191,68.000966,68.000966,12453464,67.982955,68.018978
2023-12-06,SYNTH-MKT,68.564416,69.981135,67.690728,69.312169,69.312169,11502733,69.292309,69.332029
2023-12-07,SYNTH-MKT,69.408015,71.424969,64.866019,66.473584,66.473584,15711164,66.449389,66.497780
2023-12-08,SYNTH-MKT,66.431442,68.458502,65.643958,67.601550,67.601550,16595991,67.582941,67.620159
2023-12-11,SYNTH-MKT,66.979496,68.781900,63.805470,65.565201,65.565201,17010119,65.544671,65.585731
2023-12-12,SYNTH-MKT,65.629105,68.086753,64.479364,67.196617,67.196617,11755682,67.175336,67.217897
2023-12-13,SYNTH-MKT,67.091545,69.218430,65.958916,68.026612,68.026612,15175021,68.007694,68.045530
2023-12-14,SYNTH-MKT,68.153705,69.530918,65.943181,67.324287,67.324287,18591450,67.304765,67.343809
2023-12-15,SYNTH-MKT,66.965724,70.060248,65.782475,68.999548,68.999548,12658272,68.977587,69.021508
2023-12-18,SYNTH-MKT,68.859432,70.983359,67.335354,69.981472,69.981472,18378197,69.960347,70.002597
2023-12-19,SYNTH-MKT,70.156063,71.192945,68.787565,70.049398,70.049398,7941334,70.030490,70.068307
2023-12-20,SYNTH-MKT,69.907344,71.089465,69.072974,70.192647,70.192647,11981680,70.174722,70.210571
2023-12-21,SYNTH-MKT,70.316554,71.686691,67.629628,68.624345,68.624345,18537503,68.604812,68.643879
2023-12-22,SYNTH-MKT,68.728408,69.943142,66.120642,66.838223,66.838223,11047657,66.817847,66.858599
2023-12-25,SYNTH-MKT,66.874915,68.010841,66.019281,67.027315,67.027315,19680674,67.007614,67.047015
2023-12-26,SYNTH-MKT,67.436901,68.968203,62.967836,64.255534,64.255534,15002615,64.234105,64.276962
2023-12-27,SYNTH-MKT,64.406006,65.409306,61.928106,62.707007,62.707007,20536612,62.689088,62.724925
2023-12-28,SYNTH-MKT,63.038768,63.748580,61.768321,62.475380,62.475380,9425893,62.459585,62.491175
2023-12-29,SYNTH-MKT,62.508452,63.325952,61.079406,61.804615,61.804615,9181898,61.788972,61.820258
2024-01-01,SYNTH-MKT,61.883319,62.536092,60.413001,61.135405,61.135405,16442727,61.116824,61.153986
2024-01-02,SYNTH-MKT,61.171420,61.894324,60.535004,61.134034,61.134034,26405363,61.120975,61.147094
2024-01-03,SYNTH-MKT,61.062330,61.452068,60.419185,60.852800,60.852800,17040205,60.838891,60.866708
2024-01-04,SYNTH-MKT,60.638448,61.055187,60.224087,60.559758,60.559758,19572938,60.545945,60.573571
2024-01-05,SYNTH-MKT,60.652035,65.190920,58.581931,63.769196,63.769196,17716783,63.750925,63.787467
2024-01-08,SYNTH-MKT,63.430405,64.811297,62.953526,64.457762,64.457762,15301121,64.441825,64.473700
2024-01-09,SYNTH-MKT,64.276047,64.619937,63.864333,64.274259,64.274259,14928840,64.260159,64.288360
2024-01-10,SYNTH-MKT,64.261128,66.086703,60.734827,62.132945,62.132945,14521298,62.115890,62.150000
2024-01-11,SYNTH-MKT,61.951986,63.225257,61.449247,62.675554,62.675554,19918581,62.660289,62.690819
2024-01-12,SYNTH-MKT,62.589902,63.006235,62.238575,62.785901,62.785901,12833524,62.771701,62.800101
2024-01-15,SYNTH-MKT,62.847802,63.354514,62.005463,62.355921,62.355921,7731807,62.340737,62.371105
2024-01-16,SYNTH-MKT,62.514744,63.070125,61.065900,61.576452,61.576452,13711498,61.562987,61.589916
2024-01-17,SYNTH-MKT,61.516564,61.892693,60.647404,61.177733,61.177733,17387977,61.164199,61.191268
2024-01-18,SYNTH-MKT,61.260106,62.243613,60.912871,61.793006,61.793006,11827750,61.776973,61.809038
2024-01-19,SYNTH-MKT,61.816334,62.724445,59.618639,60.439515,60.439515,17930324,60.423137,60.455893
2024-01-22,SYNTH-MKT,60.036078,60.752004,59.675508,60.397635,60.397635,15443696,60.383725,60.411545
2024-01-23,SYNTH-MKT,60.161412,61.017412,59.848392,60.671821,60.671821,13457863,60.659755,60.683888
2024-01-24,SYNTH-MKT,60.831936,61.185881,59.918341,60.334898,60.334898,11213353,60.321459,60.348336
2024-01-25,SYNTH-MKT,60.329224,60.643190,59.545159,59.827383,59.827383,14974894,59.813491,59.841274
2024-01-26,SYNTH-MKT,59.925566,60.352061,59.660554,60.056761,60.056761,16879198,60.043721,60.069801
2024-01-29,SYNTH-MKT,60.069003,60.468228,59.447128,59.800638,59.800638,16025999,59.788152,59.813124
2024-01-30,SYNTH-MKT,59.724769,60.271427,59.406486,59.901145,59.901145,19095043,59.888862,59.913429
2024-01-31,SYNTH-MKT,59.886196,60.137955,59.289151,59.506691,59.506691,12216913,59.492972,59.520410
2024-02-01,SYNTH-MKT,59.404447,59.880850,58.037480,58.704367,58.704367,15018163,58.687647,58.721087
2024-02-02,SYNTH-MKT,58.719880,59.286813,57.637575,58.189232,58.189232,7306855,58.174189,58.204276
2024-02-05,SYNTH-MKT,58.115261,58.440958,57.803000,58.125430,58.125430,11877100,58.112483,58.138378
2024-02-06,SYNTH-MKT,58.265345,60.036475,57.585871,59.110526,59.110526,15397925,59.096688,59.124364
2024-02-07,SYNTH-MKT,59.123979,59.928434,58.785064,59.480035,59.480035,12118539,59.467116,59.492955
2024-02-08,SYNTH-MKT,59.482616,59.809582,59.262924,59.506169,59.506169,17275102,59.492287,59.520052
2024-02-09,SYNTH-MKT,59.495245,61.228020,58.816147,60.622463,60.622463,15874447,60.605770,60.639157
2024-02-12,SYNTH-MKT,60.690911,61.035385,60.034985,60.447375,60.447375,10825411,60.434501,60.460248
2024-02-13,SYNTH-MKT,60.622674,61.059945,59.585237,60.061238,60.061238,14687553,60.048328,60.074148
2024-02-14,SYNTH-MKT,60.204462,60.594605,59.585974,59.911851,59.911851,9792258,59.897009,59.926692
2024-02-15,SYNTH-MKT,59.806723,61.771586,59.161917,61.005159,61.005159,18258576,60.989484,61.020834
2024-02-16,SYNTH-MKT,60.925620,61.231684,60.616929,60.877694,60.877694,9867146,60.865294,60.890094
2024-02-19,SYNTH-MKT,60.618079,61.035419,60.244187,60.717700,60.717700,10301343,60.704253,60.731147
2024-02-20,SYNTH-MKT,60.857361,61.130712,60.172112,60.461791,60.461791,20341375,60.446160,60.477422
2024-02-21,SYNTH-MKT,60.588484,61.068567,59.934966,60.349964,60.349964,9236094,60.333796,60.366133
2024-02-22,SYNTH-MKT,60.667586,61.105353,59.469180,59.791898,59.791898,15426814,59.773284,59.810513
2024-02-23,SYNTH-MKT,59.564936,59.777543,59.049747,59.343788,59.343788,11659110,59.329754,59.357822
2024-02-26,SYNTH-MKT,59.224183,60.562739,58.857826,60.071877,60.071877,16560688,60.058011,60.085743
2024-02-27,SYNTH-MKT,60.119028,60.382863,59.385308,59.725945,59.725945,13232487,59.712420,59.739469
2024-02-28,SYNTH-MKT,59.756727,60.277192,58.820382,59.152637,59.152637,15148764,59.138393,59.166882
2024-02-29,SYNTH-MKT,59.243092,59.637978,58.445568,58.938818,58.938818,12887279,58.927225,58.950411
2024-03-01,SYNTH-MKT,59.047216,59.362786,58.571978,58.884613,58.884613,16933172,58.872306,58.896919
2024-03-04,SYNTH-MKT,58.768170,59.345956,58.487541,58.969115,58.969115,11305496,58.953479,58.984751
2024-03-05,SYNTH-MKT,59.260011,59.577484,58.454896,58.957951,58.957951,13821571,58.946248,58.969654
2024-03-06,SYNTH-MKT,58.788292,59.030468,58.151368,58.482788,58.482788,10491680,58.470403,58.495172
2024-03-07,SYNTH-MKT,58.529108,59.065732,57.541445,57.982331,57.982331,11231460,57.970380,57.994282
2024-03-08,SYNTH-MKT,57.970958,58.221194,57.315001,57.606691,57.606691,14739842,57.593258,57.620124
2024-03-11,SYNTH-MKT,57.608656,57.954331,57.230203,57.576653,57.576653,11676280,57.562656,57.590650
2024-03-12,SYNTH-MKT,57.702612,57.970098,57.208286,57.638836,57.638836,15518565,57.625414,57.652259
2024-03-13,SYNTH-MKT,57.848786,58.218523,57.100635,57.355882,57.355882,16702846,57.343892,57.367873
2024-03-14,SYNTH-MKT,57.395397,58.638631,56.917228,58.016143,58.016143,10852058,58.000741,58.031544
2024-03-15,SYNTH-MKT,57.906793,58.469217,57.500722,58.081817,58.081817,7656720,58.069003,58.094631
2024-03-18,SYNTH-MKT,58.066266,58.378603,57.312738,57.664990,57.664990,8670892,57.651048,57.678933
2024-03-19,SYNTH-MKT,57.726274,58.163354,56.669191,57.090283,57.090283,7816468,57.076419,57.104148
2024-03-20,SYNTH-MKT,57.175476,57.524984,56.776867,57.010254,57.010254,17616653,56.998884,57.021623
2024-03-21,SYNTH-MKT,57.095033,57.594284,56.872440,57.366702,57.366702,13252535,57.353941,57.379464
2024-03-22,SYNTH-MKT,57.402747,58.214596,56.928167,57.675644,57.675644,14975084,57.663928,57.687360
2024-03-25,SYNTH-MKT,57.893451,58.245574,57.660302,57.886656,57.886656,9824552,57.873991,57.899321
2024-03-26,SYNTH-MKT,57.783979,58.844508,57.402167,58.420635,58.420635,8757497,58.408326,58.432943
2024-03-27,SYNTH-MKT,58.607751,60.367846,57.716510,59.461345,59.461345,10157507,59.447149,59.475542
2024-03-28,SYNTH-MKT,59.506991,61.784133,58.718462,60.804319,60.804319,14416627,60.787659,60.820980
2024-03-29,SYNTH-MKT,60.898928,61.266141,60.328598,60.781121,60.781121,16728121,60.768823,60.793420
2024-04-01,SYNTH-MKT,60.946135,61.996977,60.527485,61.592663,61.592663,10688728,61.577636,61.607690
2024-04-02,SYNTH-MKT,61.586829,62.719879,61.286904,62.254594,62.254594,11919267,62.241583,62.267604
2024-04-03,SYNTH-MKT,62.170777,63.335578,61.797484,62.844007,62.844007,7016807,62.828966,62.859048
2024-04-04,SYNTH-MKT,62.735942,63.146452,62.376356,62.871058,62.871058,15800358,62.855627,62.886489
2024-04-05,SYNTH-MKT,62.888114,64.861641,61.872186,64.028861,64.028861,17431555,64.013045,64.044676
2024-04-08,SYNTH-MKT,63.983218,68.021126,61.863582,66.161588,66.161588,16326841,66.142320,66.180857
2024-04-09,SYNTH-MKT,66.218383,66.510821,65.792895,66.071378,66.071378,11772117,66.055483,66.087273
2024-04-10,SYNTH-MKT,65.972769,66.658204,65.605049,66.266194,66.266194,11802233,66.252938,66.279450
2024-04-11,SYNTH-MKT,66.238139,67.099169,65.835135,66.741415,66.741415,10998883,66.727016,66.755815
2024-04-12,SYNTH-MKT,66.764247,67.119099,66.111426,66.650275,66.650275,18481886,66.635619,66.664932
2024-04-15,SYNTH-MKT,66.701182,67.108853,66.015849,66.443951,66.443951,10084755,66.428959,66.458944
2024-04-16,SYNTH-MKT,66.617993,66.942212,65.838225,66.137332,66.137332,12541959,66.121619,66.153045
2024-04-17,SYNTH-MKT,66.113603,66.405221,65.555530,65.826170,65.826170,17988335,65.809068,65.843272
2024-04-18,SYNTH-MKT,66.012875,66.751937,65.624112,66.232139,66.232139,9454658,66.217731,66.246548
2024-04-19,SYNTH-MKT,65.989712,66.656343,64.898282,65.400842,65.400842,17330030,65.385467,65.416217
2024-04-22,SYNTH-MKT,65.416055,66.102797,65.031987,65.651905,65.651905,13020357,65.638764,65.665045
2024-04-23,SYNTH-MKT,65.832999,66.306596,65.516875,65.994832,65.994832,14979176,65.981338,66.008326
2024-04-24,SYNTH-MKT,65.833828,66.252513,65.487966,65.874093,65.874093,8522340,65.859585,65.888601
2024-04-25,SYNTH-MKT,65.835847,66.089522,65.137506,65.373395,65.373395,12320156,65.356849,65.389941
2024-04-26,SYNTH-MKT,65.331137,66.167509,63.711533,64.420192,64.420192,16407205,64.405257,64.435128
2024-04-29,SYNTH-MKT,64.480839,65.404605,64.082234,64.961981,64.961981,13715699,64.945094,64.978867
2024-04-30,SYNTH-MKT,65.140488,65.846128,64.818530,65.432980,65.432980,9947151,65.419156,65.446804
2024-05-01,SYNTH-MKT,65.381638,65.693787,64.995350,65.295340,65.295340,20814673,65.281321,65.309359
2024-05-02,SYNTH-MKT,65.153834,66.075344,64.781718,65.817447,65.817447,10878410,65.800977,65.833918
2024-05-03,SYNTH-MKT,65.836827,66.261094,65.579613,65.886499,65.886499,18519152,65.873174,65.899823
2024-05-06,SYNTH-MKT,66.018296,66.850428,64.433711,65.055892,65.055892,13377502,65.042082,65.069703
2024-05-07,SYNTH-MKT,65.124947,65.829253,64.684967,65.460287,65.460287,12189610,65.444979,65.475595
2024-05-08,SYNTH-MKT,65.623205,66.127500,65.223377,65.638048,65.638048,19608380,65.622249,65.653847
2024-05-09,SYNTH-MKT,65.738725,68.234154,64.403683,67.419009,67.419009,15800082,67.400492,67.437526
2024-05-10,SYNTH-MKT,67.495974,68.042186,66.847902,67.200336,67.200336,7766855,67.183179,67.217493
2024-05-13,SYNTH-MKT,67.463720,68.063520,66.432762,66.889274,66.889274,8140969,66.875935,66.902613
2024-05-14,SYNTH-MKT,66.637296,67.637928,66.036671,67.286604,67.286604,11785968,67.271938,67.301269
2024-05-15,SYNTH-MKT,67.227194,67.714134,66.466454,67.004259,67.004259,11905939,66.989360,67.019158
2024-05-16,SYNTH-MKT,67.049759,68.715202,66.078552,68.096634,68.096634,15342837,68.079552,68.113716
2024-05-17,SYNTH-MKT,67.985466,68.377532,67.682270,68.127264,68.127264,11473835,68.113302,68.141226
2024-05-20,SYNTH-MKT,67.897320,68.427683,67.518760,68.112153,68.112153,14905414,68.098260,68.126046
2024-05-21,SYNTH-MKT,67.964045,68.755007,67.551233,68.301540,68.301540,11368518,68.286932,68.316147
2024-05-22,SYNTH-MKT,68.453330,69.443774,67.935564,68.979048,68.979048,11844396,68.963419,68.994676
2024-05-23,SYNTH-MKT,69.029889,69.394221,68.412530,68.841085,68.841085,13291354,68.826400,68.855770
2024-05-24,SYNTH-MKT,68.858145,69.674066,68.566402,69.305775,69.305775,21239725,69.291388,69.320162
2024-05-27,SYNTH-MKT,69.547823,70.344069,69.201405,69.792528,69.792528,11233266,69.776212,69.808844
2024-05-28,SYNTH-MKT,69.917233,71.996250,68.892950,71.116459,71.116459,15608481,71.100464,71.132455
2024-05-29,SYNTH-MKT,71.106153,71.504471,70.160235,70.478583,70.478583,8060817,70.461108,70.496058
2024-05-30,SYNTH-MKT,70.434677,71.748242,69.879675,71.376344,71.376344,11287353,71.360971,71.391717
2024-05-31,SYNTH-MKT,71.210422,71.595755,70.410784,70.895793,70.895793,14795545,70.878359,70.913226
2024-06-03,SYNTH-MKT,70.921407,71.394571,69.545934,70.073222,70.073222,11876932,70.056975,70.089470
2024-06-04,SYNTH-MKT,69.924578,71.100270,69.626787,70.744921,70.744921,17092529,70.729066,70.760776
2024-06-05,SYNTH-MKT,70.784067,71.148300,69.782116,70.168429,70.168429,10682927,70.152156,70.184703
2024-06-06,SYNTH-MKT,70.150288,71.285458,69.777188,70.884908,70.884908,15951671,70.869658,70.900157
2024-06-07,SYNTH-MKT,70.689368,71.425629,70.220776,70.971375,70.971375,12621935,70.957140,70.985611
2024-06-10,SYNTH-MKT,71.086118,71.472444,70.163668,70.771448,70.771448,12721806,70.756760,70.786136
2024-06-11,SYNTH-MKT,70.867328,71.190635,70.570257,70.899671,70.899671,10950605,70.882647,70.916694
2024-06-12,SYNTH-MKT,70.919108,71.958689,70.420331,71.328215,71.328215,9604964,71.312295,71.344135
2024-06-13,SYNTH-MKT,71.290308,71.814145,70.344760,70.923397,70.923397,10488621,70.907018,70.939776
2024-06-14,SYNTH-MKT,70.892700,71.682760,70.494371,71.280977,71.280977,14946549,71.263334,71.298620
2024-06-17,SYNTH-MKT,71.172237,71.490271,70.712122,71.035670,71.035670,16677580,71.020186,71.051154
2024-06-18,SYNTH-MKT,71.212980,71.608481,70.305600,70.773426,70.773426,12554173,70.754331,70.792521
2024-06-19,SYNTH-MKT,70.756460,71.554706,68.942654,69.786631,69.786631,13381084,69.768456,69.804806
2024-06-20,SYNTH-MKT,70.017718,70.469669,69.283381,69.892920,69.892920,10975050,69.878221,69.907619
2024-06-21,SYNTH-MKT,70.145884,71.011256,69.691150,70.646969,70.646969,13740201,70.631779,70.662158
2024-06-24,SYNTH-MKT,70.721955,71.102734,69.985400,70.457967,70.457967,10561412,70.443855,70.472078
2024-06-25,SYNTH-MKT,70.342203,70.978970,67.914893,68.856382,68.856382,25568430,68.837286,68.875477
2024-06-26,SYNTH-MKT,68.960579,69.924006,68.293602,69.509257,69.509257,8249729,69.494553,69.523962
2024-06-27,SYNTH-MKT,69.480548,70.004691,68.881235,69.276551,69.276551,8318116,69.262876,69.290226
2024-06-28,SYNTH-MKT,69.243197,69.753712,68.493905,68.893986,68.893986,19641882,68.878950,68.909021
2024-07-01,SYNTH-MKT,69.066804,69.526224,68.395643,68.857899,68.857899,9706906,68.843438,68.872360
2024-07-02,SYNTH-MKT,68.765348,69.650198,68.338336,69.317004,69.317004,29347444,69.301083,69.332925
2024-07-03,SYNTH-MKT,69.579857,70.061240,68.987782,69.381693,69.381693,12603762,69.364126,69.399260
2024-07-04,SYNTH-MKT,69.289081,69.744367,68.905703,69.270303,69.270303,15859843,69.255739,69.284867
2024-07-05,SYNTH-MKT,69.393968,69.731846,68.244136,68.607976,68.607976,20491456,68.593574,68.622377
2024-07-08,SYNTH-MKT,68.388777,69.257482,67.913094,68.685145,68.685145,8781886,68.670536,68.699755
2024-07-09,SYNTH-MKT,68.825534,69.654306,68.350641,69.222711,69.222711,10085136,69.206651,69.238771
2024-07-10,SYNTH-MKT,69.187834,69.560673,68.516188,68.887835,68.887835,17005374,68.873919,68.901751
2024-07-11,SYNTH-MKT,68.808694,69.427680,68.497147,68.946969,68.946969,16029721,68.932745,68.961193
2024-07-12,SYNTH-MKT,68.797794,69.317426,67.452402,68.053812,68.053812,13916219,68.036073,68.071550
2024-07-15,SYNTH-MKT,67.823834,68.908234,67.423806,68.579577,68.579577,11510735,68.563159,68.595995
2024-07-16,SYNTH-MKT,68.610630,68.962881,67.751730,68.077174,68.077174,14399191,68.062010,68.092339
2024-07-17,SYNTH-MKT,67.982034,69.140437,67.550995,68.749830,68.749830,11571473,68.731780,68.767880
2024-07-18,SYNTH-MKT,68.747193,69.137539,68.089896,68.338838,68.338838,10567515,68.320722,68.356955
2024-07-19,SYNTH-MKT,68.346364,68.895187,67.906781,68.590196,68.590196,13568320,68.571507,68.608885
2024-07-22,SYNTH-MKT,68.453393,69.299312,68.141172,68.849385,68.849385,12072419,68.834033,68.864737
2024-07-23,SYNTH-MKT,68.666490,69.091583,68.200208,68.562135,68.562135,10767423,68.543130,68.581140
2024-07-24,SYNTH-MKT,68.697453,69.201003,68.182471,68.782326,68.782326,10176535,68.766561,68.798092
2024-07-25,SYNTH-MKT,69.018924,69.392050,68.076439,68.613493,68.613493,15194474,68.598134,68.628851
2024-07-26,SYNTH-MKT,68.422127,70.025454,67.635305,69.455930,69.455930,12838989,69.438515,69.473345
2024-07-29,SYNTH-MKT,69.457324,70.251590,68.903325,69.818345,69.818345,23328229,69.803278,69.833411
2024-07-30,SYNTH-MKT,69.866509,70.718529,69.395676,70.294119,70.294119,16386134,70.267724,70.320515
2024-07-31,SYNTH-MKT,70.221805,71.156579,69.714895,70.688550,70.688550,20124470,70.673985,70.703115
2024-08-01,SYNTH-MKT,70.632029,71.734413,70.161945,71.134932,71.134932,14954722,71.116584,71.153281
2024-08-02,SYNTH-MKT,71.311297,71.681726,70.619455,70.977534,70.977534,23143312,70.962112,70.992956
2024-08-05,SYNTH-MKT,70.764455,71.482161,69.205777,69.945666,69.945666,7491463,69.927378,69.963953
2024-08-06,SYNTH-MKT,70.007423,70.409102,69.644614,70.022765,70.022765,18213406,70.008337,70.037194
2024-08-07,SYNTH-MKT,69.835641,70.444682,69.135750,69.804408,69.804408,11397964,69.790625,69.818190
2024-08-08,SYNTH-MKT,69.747928,70.391882,69.213154,69.671547,69.671547,9921761,69.655118,69.687976
2024-08-09,SYNTH-MKT,69.426788,69.782788,68.724122,69.240106,69.240106,9558048,69.224094,69.256119
2024-08-12,SYNTH-MKT,69.272526,70.575259,68.615860,70.022629,70.022629,14441220,70.005976,70.039282
2024-08-13,SYNTH-MKT,70.126507,71.578789,66.021237,68.045155,68.045155,16143462,68.027882,68.062428
2024-08-14,SYNTH-MKT,67.897424,68.629380,67.454382,68.277784,68.277784,9649196,68.258975,68.296593
2024-08-15,SYNTH-MKT,68.280116,68.848670,67.696664,68.110862,68.110862,11098991,68.094592,68.127133
2024-08-16,SYNTH-MKT,68.096227,69.353793,67.463242,68.902471,68.902471,15183410,68.887612,68.917330
2024-08-19,SYNTH-MKT,68.994329,70.685954,68.375363,69.813506,69.813506,10445953,69.797649,69.829363
2024-08-20,SYNTH-MKT,69.925767,70.601235,69.489271,70.165230,70.165230,7834435,70.149368,70.181093
2024-08-21,SYNTH-MKT,70.037688,70.459131,68.965194,69.360340,69.360340,14989615,69.344551,69.376130
2024-08-22,SYNTH-MKT,69.102540,70.735399,68.125026,69.990079,69.990079,12727830,69.969839,70.010318
2024-08-23,SYNTH-MKT,69.887459,73.056017,68.835962,71.880485,71.880485,17991549,71.860224,71.900746
2024-08-26,SYNTH-MKT,72.074790,73.773897,71.177693,72.886840,72.886840,14840568,72.866049,72.907632
2024-08-27,SYNTH-MKT,72.477850,74.264669,71.223375,72.800877,72.800877,7747841,72.780770,72.820984
2024-08-28,SYNTH-MKT,73.016563,76.052041,71.536354,74.107987,74.107987,13369079,74.083931,74.132042
2024-08-29,SYNTH-MKT,74.167911,75.069719,71.910918,73.187723,73.187723,13827115,73.161770,73.213677
2024-08-30,SYNTH-MKT,73.119523,76.789543,72.186137,75.454701,75.454701,12530698,75.429422,75.479980
2024-09-02,SYNTH-MKT,75.448150,77.466188,72.540982,74.528236,74.528236,9967094,74.505729,74.550743
2024-09-03,SYNTH-MKT,74.811820,76.306528,71.160451,72.689725,72.689725,12465934,72.666678,72.712772
2024-09-04,SYNTH-MKT,73.131999,76.438666,67.527253,69.477597,69.477597,25025984,69.451656,69.503537
2024-09-05,SYNTH-MKT,69.071096,71.047782,67.755393,69.700618,69.700618,11282537,69.680642,69.720594
2024-09-06,SYNTH-MKT,70.174692,75.321806,67.866648,73.256289,73.256289,26798778,73.228936,73.283642
2024-09-09,SYNTH-MKT,73.197893,74.723569,71.239278,72.695392,72.695392,11384244,72.674323,72.716460
2024-09-10,SYNTH-MKT,72.940487,78.635268,69.870914,75.678614,75.678614,24718383,75.648623,75.708604
2024-09-11,SYNTH-MKT,75.935045,77.592135,73.899577,75.308717,75.308717,13795907,75.284431,75.333004
2024-09-12,SYNTH-MKT,74.633077,76.308619,73.107725,74.362713,74.362713,10674627,74.336762,74.388664
2024-09-13,SYNTH-MKT,74.720352,76.845325,73.179700,75.334081,75.334081,19522697,75.307519,75.360643
2024-09-16,SYNTH-MKT,75.909699,77.335580,73.328543,75.376381,75.376381,11738066,75.353954,75.398807
2024-09-17,SYNTH-MKT,75.208766,77.110301,73.229721,74.622608,74.622608,17844030,74.600209,74.645007
2024-09-18,SYNTH-MKT,75.178129,77.213535,69.557605,70.969154,70.969154,18571357,70.943143,70.995164
2024-09-19,SYNTH-MKT,71.390788,73.121600,69.535058,71.191367,71.191367,12590755,71.170081,71.212654
2024-09-20,SYNTH-MKT,71.238377,72.575025,68.276922,69.867857,69.867857,15662408,69.844059,69.891655
2024-09-23,SYNTH-MKT,69.861203,72.121374,68.770328,70.989663,70.989663,11958973,70.968048,71.011277
2024-09-24,SYNTH-MKT,70.661282,73.995787,68.955390,72.482940,72.482940,18778361,72.458871,72.507008
2024-09-25,SYNTH-MKT,72.255109,74.735442,70.463712,73.153983,73.153983,9402190,73.131438,73.176527
2024-09-26,SYNTH-MKT,72.809231,75.286433,71.064787,74.073127,74.073127,12061146,74.049582,74.096671
2024-09-27,SYNTH-MKT,74.381459,75.856346,70.942666,72.991696,72.991696,9710811,72.969938,73.013454
2024-09-30,SYNTH-MKT,72.672383,74.147500,69.312479,70.854501,70.854501,29140943,70.825984,70.883019
2024-10-01,SYNTH-MKT,70.890638,73.163487,64.590091,67.309909,67.309909,19862654,67.285457,67.334361
2024-10-02,SYNTH-MKT,67.597329,69.156194,64.623006,66.064629,66.064629,13113279,66.040022,66.089236
2024-10-03,SYNTH-MKT,65.823773,69.464794,64.143466,67.657395,67.657395,16704424,67.633995,67.680795
2024-10-04,SYNTH-MKT,67.659129,76.246940,63.945092,71.971583,71.971583,31279510,71.943365,71.999800
2024-10-07,SYNTH-MKT,72.132234,74.639405,70.784511,72.800598,72.800598,11135956,72.779398,72.821799
2024-10-08,SYNTH-MKT,71.949491,73.657381,68.577112,70.492829,70.492829,13272333,70.467407,70.518251
2024-10-09,SYNTH-MKT,70.074509,72.630960,69.179332,71.559809,71.559809,11272347,71.538367,71.581251
2024-10-10,SYNTH-MKT,71.867913,76.256256,69.902131,74.090392,74.090392,19386705,74.060770,74.120015
2024-10-11,SYNTH-MKT,73.987585,76.033077,72.154831,74.714104,74.714104,13760672,74.691264,74.736945
2024-10-14,SYNTH-MKT,75.483246,77.594694,72.468061,74.391298,74.391298,11712321,74.368339,74.414257
2024-10-15,SYNTH-MKT,74.365297,75.807820,72.376580,73.769951,73.769951,9275585,73.747795,73.792107
2024-10-16,SYNTH-MKT,73.755633,75.305967,71.418805,73.330720,73.330720,14905536,73.308226,73.353215
2024-10-17,SYNTH-MKT,72.738243,75.354241,68.208933,70.853212,70.853212,17097342,70.826643,70.879780
2024-10-18,SYNTH-MKT,71.270182,72.384763,69.722178,70.972871,70.972871,9823960,70.949939,70.995803
2024-10-21,SYNTH-MKT,70.400030,76.053524,67.868413,73.467142,73.467142,21255423,73.439849,73.494436
2024-10-22,SYNTH-MKT,73.741354,79.631461,71.447458,76.474744,76.474744,11103250,76.446363,76.503126
2024-10-23,SYNTH-MKT,77.137080,79.216712,74.553117,76.334890,76.334890,9129881,76.313314,76.356465
2024-10-24,SYNTH-MKT,76.033240,81.065976,74.322141,78.755648,78.755648,21688889,78.724464,78.786831
2024-10-25,SYNTH-MKT,78.174510,80.383106,74.675833,76.733184,76.733184,18309818,76.705918,76.760450
2024-10-28,SYNTH-MKT,76.417199,79.638514,69.948015,73.370929,73.370929,21859506,73.342644,73.399214
2024-10-29,SYNTH-MKT,73.728074,78.762454,71.410808,76.290637,76.290637,16360829,76.264449,76.316826
2024-10-30,SYNTH-MKT,76.633821,77.862811,72.848798,74.522880,74.522880,18958891,74.496620,74.549140
2024-10-31,SYNTH-MKT,73.753886,77.636607,72.258734,75.991329,75.991329,15728053,75.967069,76.015589
2024-11-01,SYNTH-MKT,75.499141,78.016683,74.244238,76.530343,76.530343,19307503,76.505900,76.554787
2024-11-04,SYNTH-MKT,75.553361,76.794177,74.117843,75.023328,75.023328,10626556,74.995417,75.051238
2024-11-05,SYNTH-MKT,75.003710,77.157255,73.644809,75.959064,75.959064,11286599,75.934475,75.983652
2024-11-06,SYNTH-MKT,76.325612,77.566266,75.090688,76.316773,76.316773,8281905,76.291454,76.342092
2024-11-07,SYNTH-MKT,76.430524,78.097372,72.131097,73.232694,73.232694,16273433,73.207039,73.258350
2024-11-08,SYNTH-MKT,72.764057,73.956880,70.026791,71.643940,71.643940,12215743,71.621842,71.666038
2024-11-11,SYNTH-MKT,71.304971,73.310492,70.014699,72.003211,72.003211,10035776,71.981870,72.024552
2024-11-12,SYNTH-MKT,72.123580,73.406737,68.932689,70.760336,70.760336,15061099,70.737717,70.782955
2024-11-13,SYNTH-MKT,70.462520,72.682204,69.359571,71.656412,71.656412,11411439,71.635424,71.677399
2024-11-14,SYNTH-MKT,71.000083,71.893908,69.908341,70.956622,70.956622,7581983,70.934483,70.978761
2024-11-15,SYNTH-MKT,70.778117,71.966892,69.009800,70.456471,70.456471,11255061,70.431268,70.481675
2024-11-18,SYNTH-MKT,70.159720,71.194969,68.441573,69.558482,69.558482,14083201,69.533034,69.583931
2024-11-19,SYNTH-MKT,70.337147,73.117671,64.235262,66.722269,66.722269,27545060,66.696980,66.747558
2024-11-20,SYNTH-MKT,66.033984,67.352154,65.313312,66.271921,66.271921,15286518,66.249998,66.293843
2024-11-21,SYNTH-MKT,65.635819,68.634224,64.020759,67.478120,67.478120,12389445,67.455722,67.500518
2024-11-22,SYNTH-MKT,67.704688,70.220036,65.782682,68.484077,68.484077,15950960,68.463467,68.504688
2024-11-25,SYNTH-MKT,68.475694,70.855526,67.369437,69.605977,69.605977,13193617,69.584575,69.627378
2024-11-26,SYNTH-MKT,69.171594,71.607809,67.878102,69.645368,69.645368,19009157,69.624291,69.666444
2024-11-27,SYNTH-MKT,69.486069,71.127767,65.425076,67.006852,67.006852,20426393,66.982905,67.030799
2024-11-28,SYNTH-MKT,66.609651,70.584480,65.315292,69.417746,69.417746,27841663,69.394173,69.441318
2024-11-29,SYNTH-MKT,69.228017,71.626502,68.267117,70.779631,70.779631,17836729,70.756320,70.802943
2024-12-02,SYNTH-MKT,71.501145,72.705030,69.793849,71.450021,71.450021,13428980,71.428100,71.471941
2024-12-03,SYNTH-MKT,71.297817,73.010958,67.722085,69.122998,69.122998,11957639,69.092074,69.153922
2024-12-04,SYNTH-MKT,70.156572,72.142267,66.350548,67.779568,67.779568,12000604,67.758559,67.800576
2024-12-05,SYNTH-MKT,67.671044,69.264426,65.683644,67.579687,67.579687,9280967,67.559932,67.599442
2024-12-06,SYNTH-MKT,68.184098,71.013342,62.421541,64.678604,64.678604,13496915,64.655766,64.701443
2024-12-09,SYNTH-MKT,64.950679,65.747889,64.002621,64.998968,64.998968,11438346,64.979288,65.018647
2024-12-10,SYNTH-MKT,65.124422,67.149473,63.613919,65.348887,65.348887,6866467,65.327394,65.370380
2024-12-11,SYNTH-MKT,65.191729,67.555921,63.555242,65.914956,65.914956,7999776,65.891131,65.938781
2024-12-12,SYNTH-MKT,65.720075,67.247743,64.772709,65.742897,65.742897,13301422,65.724465,65.761328
2024-12-13,SYNTH-MKT,66.300012,68.542236,65.143703,67.467333,67.467333,13486482,67.444686,67.489979
2024-12-16,SYNTH-MKT,67.548424,68.513239,66.361703,67.328606,67.328606,13203163,67.309918,67.347295
2024-12-17,SYNTH-MKT,66.993814,72.424892,65.104265,70.630836,70.630836,11932361,70.601678,70.659994
2024-12-18,SYNTH-MKT,70.156396,74.812839,67.956361,73.242242,73.242242,21639708,73.214830,73.269655
2024-12-19,SYNTH-MKT,73.367068,76.428140,72.189435,75.323533,75.323533,17349506,75.300345,75.346722
2024-12-20,SYNTH-MKT,75.667759,77.198911,71.989186,73.342710,73.342710,14917395,73.318629,73.366791
2024-12-23,SYNTH-MKT,72.385554,74.529233,71.280513,73.593607,73.593607,7863286,73.575260,73.611954
2024-12-24,SYNTH-MKT,73.509845,74.395059,72.302754,73.148452,73.148452,17935859,73.128640,73.168264
2024-12-25,SYNTH-MKT,73.104406,73.830532,72.376296,73.271549,73.271549,14324901,73.255289,73.287809
2024-12-26,SYNTH-MKT,73.074673,73.883505,72.134589,72.777620,72.777620,9584878,72.760858,72.794382
2024-12-27,SYNTH-MKT,72.632869,73.688782,72.184372,73.062366,73.062366,12105729,73.046970,73.077763
2024-12-30,SYNTH-MKT,73.440443,75.354748,72.271069,74.554988,74.554988,14407553,74.536530,74.573447
2024-12-31,SYNTH-MKT,74.595868,75.675656,73.823358,74.830078,74.830078,8030791,74.811216,74.848940
2025-01-01,SYNTH-MKT,74.887402,76.312046,74.431827,75.768545,75.768545,15477383,75.750944,75.786145
2025-01-02,SYNTH-MKT,75.701580,76.242261,75.243684,75.845454,75.845454,11517570,75.828782,75.862125
2025-01-03,SYNTH-MKT,75.983616,76.912887,75.143727,76.286193,76.286193,21124078,76.269081,76.303305
2025-01-06,SYNTH-MKT,76.296848,81.701884,74.078778,79.687490,79.687490,18719921,79.663833,79.711147
2025-01-07,SYNTH-MKT,79.820683,80.750950,78.469381,79.159591,79.159591,11385610,79.141532,79.177650
2025-01-08,SYNTH-MKT,78.941921,79.424923,78.492049,79.040570,79.040570,16852626,79.024138,79.057003
2025-01-09,SYNTH-MKT,78.946784,80.093107,78.489361,79.542743,79.542743,10199184,79.524830,79.560656
2025-01-10,SYNTH-MKT,79.605158,80.620210,76.792375,77.994822,77.994822,10979947,77.974530,78.015114
2025-01-13,SYNTH-MKT,77.615819,78.489812,77.088172,78.013038,78.013038,13076307,77.994512,78.031564
2025-01-14,SYNTH-MKT,78.367914,78.939413,77.368057,77.965380,77.965380,20740872,77.945323,77.985436
2025-01-15,SYNTH-MKT,77.912523,78.827660,75.134156,75.991400,75.991400,20924100,75.970505,76.012296
2025-01-16,SYNTH-MKT,76.327625,76.981087,74.651280,75.157341,75.157341,15972396,75.140133,75.174548
2025-01-17,SYNTH-MKT,75.241026,75.690677,74.039036,74.529401,74.529401,11240714,74.505841,74.552962
2025-01-20,SYNTH-MKT,74.340295,76.014108,73.522159,75.146867,75.146867,14634390,75.128760,75.164975
2025-01-21,SYNTH-MKT,74.914940,75.448043,74.014623,74.567390,74.567390,12493833,74.550752,74.584027
2025-01-22,SYNTH-MKT,74.597288,75.038912,73.875731,74.282897,74.282897,13898007,74.265534,74.300259
2025-01-23,SYNTH-MKT,74.059298,74.588236,73.249520,73.766920,73.766920,11107741,73.749875,73.783965
2025-01-24,SYNTH-MKT,73.934060,75.073704,71.218654,72.364476,72.364476,10683113,72.346625,72.382327
2025-01-27,SYNTH-MKT,72.800709,73.596259,71.481851,72.353701,72.353701,10616117,72.332831,72.374571
2025-01-28,SYNTH-MKT,72.427639,73.185988,71.377670,72.108593,72.108593,7163458,72.093004,72.124181
2025-01-29,SYNTH-MKT,72.257616,72.884002,71.293936,71.960089,71.960089,12730656,71.942613,71.977565
2025-01-30,SYNTH-MKT,72.186724,73.708879,71.356290,73.136683,73.136683,13644515,73.113698,73.159669
2025-01-31,SYNTH-MKT,73.311531,75.262148,72.454939,74.236603,74.236603,12343541,74.217628,74.255579
2025-02-03,SYNTH-MKT,74.250532,74.766898,73.170171,73.720318,73.720318,22540943,73.702986,73.737650
2025-02-04,SYNTH-MKT,73.840752,74.394436,73.186483,73.727230,73.727230,21814348,73.711377,73.743083
2025-02-05,SYNTH-MKT,73.582655,74.697472,73.168683,74.310022,74.310022,11353799,74.289926,74.330117
2025-02-06,SYNTH-MKT,74.512582,75.487455,74.014846,74.896028,74.896028,12509745,74.877699,74.914357
2025-02-07,SYNTH-MKT,74.939601,76.287677,71.828833,73.239194,73.239194,16207624,73.221175,73.257213
2025-02-10,SYNTH-MKT,73.624342,74.548441,72.044602,72.637811,72.637811,19650414,72.621215,72.654406
2025-02-11,SYNTH-MKT,72.869514,73.415992,72.003016,72.742869,72.742869,15431716,72.725158,72.760579
2025-02-12,SYNTH-MKT,72.836756,73.819935,72.367913,73.411826,73.411826,14744248,73.394864,73.428788
2025-02-13,SYNTH-MKT,73.220089,74.445447,72.533862,73.760097,73.760097,13615606,73.744274,73.775919
2025-02-14,SYNTH-MKT,74.005094,74.582244,72.231446,72.896252,72.896252,11109147,72.876101,72.916402
2025-02-17,SYNTH-MKT,72.598072,74.717407,71.866702,73.875729,73.875729,17559953,73.858716,73.892743
2025-02-18,SYNTH-MKT,73.706164,74.671680,72.421463,73.301013,73.301013,11133046,73.285217,73.316810
2025-02-19,SYNTH-MKT,73.458416,74.205209,72.336786,73.095482,73.095482,15729357,73.078956,73.112008
2025-02-20,SYNTH-MKT,73.084711,73.700570,72.472343,72.979781,72.979781,7118875,72.961820,72.997742
2025-02-21,SYNTH-MKT,73.064681,73.776343,70.613169,71.747223,71.747223,11364150,71.729571,71.764876
2025-02-24,SYNTH-MKT,71.508866,72.922624,70.901580,72.200150,72.200150,13935687,72.184491,72.215808
2025-02-25,SYNTH-MKT,72.412644,75.739954,70.771036,74.164274,74.164274,27327992,74.142491,74.186057
2025-02-26,SYNTH-MKT,74.006510,74.858121,72.851137,73.565932,73.565932,15592013,73.544237,73.587626
2025-02-27,SYNTH-MKT,73.565264,75.134855,70.107203,71.417735,71.417735,6819209,71.397681,71.437789
2025-02-28,SYNTH-MKT,71.842198,72.362235,71.325873,71.816610,71.816610,12475492,71.800455,71.832765
2025-03-03,SYNTH-MKT,71.988188,72.488472,71.133658,71.885966,71.885966,13978932,71.870067,71.901865
2025-03-04,SYNTH-MKT,71.973149,72.646975,71.514559,72.269581,72.269581,9719289,72.250331,72.288832
2025-03-05,SYNTH-MKT,72.652479,73.635552,71.848114,72.938017,72.938017,12805749,72.921635,72.954398
2025-03-06,SYNTH-MKT,72.821227,74.220253,72.282233,73.552426,73.552426,17391297,73.535565,73.569287
2025-03-07,SYNTH-MKT,73.793733,74.720827,73.155041,74.097691,74.097691,16965871,74.072705,74.122676
2025-03-10,SYNTH-MKT,74.212049,74.953491,73.654133,74.396533,74.396533,14004645,74.379940,74.413127
2025-03-11,SYNTH-MKT,74.658686,75.230897,73.071230,73.828671,73.828671,11268659,73.811122,73.846219
2025-03-12,SYNTH-MKT,73.763251,74.926839,73.272320,74.170418,74.170418,13706089,74.147807,74.193030
2025-03-13,SYNTH-MKT,74.249473,74.942863,73.380075,74.113107,74.113107,12652760,74.096442,74.129772
2025-03-14,SYNTH-MKT,74.259777,74.949408,72.806352,73.354185,73.354185,24597453,73.337507,73.370862
2025-03-17,SYNTH-MKT,73.476635,74.246323,72.611585,73.540746,73.540746,19991135,73.519292,73.562200
2025-03-18,SYNTH-MKT,73.356104,74.277114,72.893418,73.820287,73.820287,13227722,73.802219,73.838355
2025-03-19,SYNTH-MKT,73.652979,75.155900,73.144899,74.609254,74.609254,10408019,74.586260,74.632247
2025-03-20,SYNTH-MKT,74.922417,75.494928,73.913219,74.509921,74.509921,11647138,74.492057,74.527785
2025-03-21,SYNTH-MKT,74.431372,75.116107,72.645481,73.576947,73.576947,22762871,73.558458,73.595437
2025-03-24,SYNTH-MKT,73.721982,74.495128,72.166011,72.842510,72.842510,15626721,72.824170,72.860850
2025-03-25,SYNTH-MKT,73.118601,74.116853,72.485722,73.397533,73.397533,10008318,73.379601,73.415466
2025-03-26,SYNTH-MKT,73.628115,74.215867,72.882309,73.480504,73.480504,13164254,73.461667,73.499341
2025-03-27,SYNTH-MKT,72.963326,74.938616,72.320716,74.260693,74.260693,19296042,74.243537,74.277849
2025-03-28,SYNTH-MKT,74.321373,75.155850,72.759551,73.479034,73.479034,15545815,73.460406,73.497662
2025-03-31,SYNTH-MKT,73.718051,75.648654,72.919982,74.610890,74.610890,11543239,74.588302,74.633478
2025-04-01,SYNTH-MKT,74.778242,76.379979,74.238122,75.706488,75.706488,14268901,75.685247,75.727728
2025-04-02,SYNTH-MKT,75.628167,76.974383,74.709158,76.064172,76.064172,17802728,76.047196,76.081148
2025-04-03,SYNTH-MKT,76.066814,76.471252,75.427343,76.085278,76.085278,21954005,76.068612,76.101944
2025-04-04,SYNTH-MKT,75.937379,76.398438,75.371876,75.931991,75.931991,9310015,75.913084,75.950898
2025-04-07,SYNTH-MKT,75.887271,78.471728,74.542777,77.286297,77.286297,17340327,77.264116,77.308479
2025-04-08,SYNTH-MKT,77.395562,78.037866,76.776972,77.317549,77.317549,12761835,77.300691,77.334406
2025-04-09,SYNTH-MKT,77.196677,81.150406,75.666249,79.766958,79.766958,22487396,79.745866,79.788049
2025-04-10,SYNTH-MKT,79.623269,80.659609,79.062176,80.244421,80.244421,11438014,80.225890,80.262953
2025-04-11,SYNTH-MKT,80.219133,82.762233,79.057672,81.592309,81.592309,9571370,81.571922,81.612697
2025-04-14,SYNTH-MKT,81.587857,82.189974,79.974515,80.622686,80.622686,10576468,80.601582,80.643790
2025-04-15,SYNTH-MKT,80.012522,81.302290,79.435134,80.453302,80.453302,14453385,80.436178,80.470427
2025-04-16,SYNTH-MKT,80.308468,81.323183,78.424532,79.191467,79.191467,10814940,79.170831,79.212103
2025-04-17,SYNTH-MKT,79.100911,79.684592,78.334311,78.861853,78.861853,19078011,78.843764,78.879942
2025-04-18,SYNTH-MKT,78.519779,79.893653,78.018471,79.396136,79.396136,12155056,79.377238,79.415034
2025-04-21,SYNTH-MKT,79.551236,80.568529,78.334144,78.925515,78.925515,15285912,78.900667,78.950363
2025-04-22,SYNTH-MKT,79.059992,79.731341,77.051767,77.877149,77.877149,8672804,77.854274,77.900024
2025-04-23,SYNTH-MKT,78.302352,78.956877,76.558024,77.179841,77.179841,9762090,77.162948,77.196735
2025-04-24,SYNTH-MKT,77.614555,78.226901,76.752393,77.404591,77.404591,19085003,77.386415,77.422766
2025-04-25,SYNTH-MKT,77.128220,77.566507,76.470521,76.937719,76.937719,11883580,76.920202,76.955236
2025-04-28,SYNTH-MKT,76.628004,77.918369,73.628106,74.811435,74.811435,21375726,74.789752,74.833119
2025-04-29,SYNTH-MKT,74.739257,75.304541,74.140500,74.810058,74.810058,10030846,74.793430,74.826686
2025-04-30,SYNTH-MKT,74.528605,75.777533,73.836488,75.134707,75.134707,11479413,75.118207,75.151207
2025-05-01,SYNTH-MKT,75.397696,76.822869,74.966647,76.201801,76.201801,17588375,76.183764,76.219838
2025-05-02,SYNTH-MKT,76.140018,76.756636,75.485798,75.853531,75.853531,10802700,75.834691,75.872371
2025-05-05,SYNTH-MKT,75.951783,76.665699,75.295632,76.252874,76.252874,14327382,76.233059,76.272688
2025-05-06,SYNTH-MKT,76.464818,77.227958,75.793015,76.585051,76.585051,8685435,76.568326,76.601776
2025-05-07,SYNTH-MKT,76.713882,77.540088,75.941561,76.675476,76.675476,17795407,76.657942,76.693010
2025-05-08,SYNTH-MKT,76.432904,76.851944,75.665101,76.024634,76.024634,13569588,76.008059,76.041209
2025-05-09,SYNTH-MKT,75.781865,76.834492,73.782330,74.691629,74.691629,9304980,74.673033,74.710225
2025-05-12,SYNTH-MKT,74.563592,75.300993,73.421985,74.269936,74.269936,15507631,74.251777,74.288095
2025-05-13,SYNTH-MKT,74.190725,75.127447,73.562900,74.563018,74.563018,18543273,74.545749,74.580287
2025-05-14,SYNTH-MKT,74.491768,76.530899,73.961576,75.784035,75.784035,14245110,75.762010,75.806061
2025-05-15,SYNTH-MKT,75.634204,77.322728,75.075676,76.671506,76.671506,10879032,76.652178,76.690834
2025-05-16,SYNTH-MKT,76.952283,77.951387,74.245533,75.204763,75.204763,12070745,75.184240,75.225286
2025-05-19,SYNTH-MKT,75.328764,76.186508,74.761050,75.816136,75.816136,11571554,75.797781,75.834491
2025-05-20,SYNTH-MKT,75.729699,76.863554,74.951096,76.141844,76.141844,10935552,76.125675,76.158014
2025-05-21,SYNTH-MKT,76.252456,76.940665,74.553210,75.438618,75.438618,9567537,75.419084,75.458151
2025-05-22,SYNTH-MKT,75.713216,77.603727,71.044352,72.532316,72.532316,23580826,72.512355,72.552277
2025-05-23,SYNTH-MKT,72.666094,73.293738,71.114095,71.833726,71.833726,9255912,71.815485,71.851966
2025-05-26,SYNTH-MKT,71.735074,72.320995,70.787731,71.446539,71.446539,10981017,71.427970,71.465108
2025-05-27,SYNTH-MKT,71.559106,72.114498,70.695978,71.258041,71.258041,13130507,71.241642,71.274441
2025-05-28,SYNTH-MKT,71.183155,71.674341,69.986953,70.539028,70.539028,13473857,70.521896,70.556161
2025-05-29,SYNTH-MKT,70.453853,71.857309,69.750342,71.238623,71.238623,14304260,71.220712,71.256534
2025-05-30,SYNTH-MKT,71.116423,73.205190,70.122783,72.459627,72.459627,16845100,72.440582,72.478671
2025-06-02,SYNTH-MKT,72.737457,73.664281,71.906312,73.083773,73.083773,14769353,73.066371,73.101175
2025-06-03,SYNTH-MKT,73.413918,74.260453,72.570805,73.370720,73.370720,16069303,73.353001,73.388438
2025-06-04,SYNTH-MKT,73.473110,75.140404,72.778079,74.279080,74.279080,14834362,74.261789,74.296371
2025-06-05,SYNTH-MKT,74.564197,75.480401,72.519270,73.289354,73.289354,11339987,73.269245,73.309464
2025-06-06,SYNTH-MKT,73.311614,73.953927,71.968293,72.437874,72.437874,14981617,72.420825,72.454922
2025-06-09,SYNTH-MKT,72.423936,72.985922,71.368382,72.095243,72.095243,14338297,72.079850,72.110635
2025-06-10,SYNTH-MKT,71.954951,72.958499,71.609025,72.505428,72.505428,11760294,72.489519,72.521336
2025-06-11,SYNTH-MKT,72.684567,73.275976,72.261763,72.677550,72.677550,12753534,72.659494,72.695606
2025-06-12,SYNTH-MKT,73.029663,73.575447,72.368686,72.759651,72.759651,9685138,72.744281,72.775020
2025-06-13,SYNTH-MKT,72.723422,73.492087,72.152283,72.705695,72.705695,11901660,72.686975,72.724416
2025-06-16,SYNTH-MKT,72.970729,73.722378,71.844314,72.579882,72.579882,14182731,72.564137,72.595627
2025-06-17,SYNTH-MKT,72.924830,73.695089,71.762520,72.498767,72.498767,11129154,72.480977,72.516556
2025-06-18,SYNTH-MKT,72.597263,73.244593,72.176894,72.819724,72.819724,18294592,72.804400,72.835048
2025-06-19,SYNTH-MKT,72.845241,74.107733,72.146586,73.383667,73.383667,12612664,73.367687,73.399646
2025-06-20,SYNTH-MKT,73.269096,74.266001,70.644642,71.728288,71.728288,16928236,71.709786,71.746791
2025-06-23,SYNTH-MKT,71.201156,72.970140,70.704808,72.435832,72.435832,9889505,72.419735,72.451928
2025-06-24,SYNTH-MKT,72.350882,73.561341,71.599082,73.011762,73.011762,15005652,72.987613,73.035911
2025-06-25,SYNTH-MKT,73.042684,73.598710,71.672743,72.432064,72.432064,7241122,72.413528,72.450600
2025-06-26,SYNTH-MKT,72.433599,72.869515,71.774131,72.340200,72.340200,13509354,72.323774,72.356626
2025-06-27,SYNTH-MKT,72.633422,74.469673,71.931547,73.856407,73.856407,14703055,73.836225,73.876589
2025-06-30,SYNTH-MKT,73.609311,74.586084,73.042237,74.010785,74.010785,12889128,73.991254,74.030316
2025-07-01,SYNTH-MKT,73.920566,74.686045,73.497198,74.091356,74.091356,9206041,74.076102,74.106610
2025-07-02,SYNTH-MKT,74.236059,75.277903,71.988498,73.043053,73.043053,13774806,73.020881,73.065225
2025-07-03,SYNTH-MKT,72.959853,74.097599,72.527007,73.515667,73.515667,9583842,73.499396,73.531938
2025-07-04,SYNTH-MKT,73.839074,74.427929,72.518186,73.212976,73.212976,15797776,73.196754,73.229199
2025-07-07,SYNTH-MKT,73.220210,73.652171,72.802301,73.199250,73.199250,10031815,73.184086,73.214414
2025-07-08,SYNTH-MKT,72.824580,73.507664,72.305031,72.927891,72.927891,8246050,72.912628,72.943154
2025-07-09,SYNTH-MKT,72.789314,73.656304,71.761547,72.580924,72.580924,21456037,72.564100,72.597749
2025-07-10,SYNTH-MKT,72.823977,73.857211,72.063209,73.111662,73.111662,8863759,73.095499,73.127825
2025-07-11,SYNTH-MKT,73.062700,73.902972,72.477721,73.388311,73.388311,15333874,73.369927,73.406696
2025-07-14,SYNTH-MKT,73.233177,75.278035,72.321591,74.462716,74.462716,8581470,74.440610,74.484821
2025-07-15,SYNTH-MKT,74.602092,75.078824,73.343417,73.993248,73.993248,9645201,73.971895,74.014602
2025-07-16,SYNTH-MKT,74.213906,74.750827,73.568463,74.029962,74.029962,8992650,74.014317,74.045608
2025-07-17,SYNTH-MKT,73.769828,76.626586,72.721296,75.431821,75.431821,25503142,75.413598,75.450045
2025-07-18,SYNTH-MKT,75.736499,76.647994,74.119542,75.008279,75.008279,23427078,74.992063,75.024495
2025-07-21,SYNTH-MKT,74.976191,76.261175,74.039652,75.694545,75.694545,14249649,75.675955,75.713135
2025-07-22,SYNTH-MKT,75.688389,76.566979,74.943800,75.494207,75.494207,9889341,75.476939,75.511474
2025-07-23,SYNTH-MKT,75.320252,75.915918,74.742997,75.393105,75.393105,8715400,75.376804,75.409405
2025-07-24,SYNTH-MKT,75.293711,75.822864,74.357752,74.855925,74.855925,12143256,74.837075,74.874774
2025-07-25,SYNTH-MKT,74.710195,75.271354,73.716280,74.228194,74.228194,15883926,74.210581,74.245807
2025-07-28,SYNTH-MKT,74.435034,75.044181,73.530960,74.097465,74.097465,10052563,74.082205,74.112725
2025-07-29,SYNTH-MKT,73.971850,75.632537,73.139419,74.790221,74.790221,12774953,74.772692,74.807749
2025-07-30,SYNTH-MKT,74.611931,75.496811,73.829817,74.980946,74.980946,10132022,74.965009,74.996883
2025-07-31,SYNTH-MKT,74.772187,75.641232,73.848740,74.887007,74.887007,12671054,74.866794,74.907219
2025-08-01,SYNTH-MKT,75.070993,75.671845,73.090012,73.741358,73.741358,7604941,73.722669,73.760047
2025-08-04,SYNTH-MKT,73.887715,75.247747,70.735462,71.873336,71.873336,15758449,71.853012,71.893661
2025-08-05,SYNTH-MKT,71.868652,72.653624,70.113954,70.723344,70.723344,13647251,70.706681,70.740006
2025-08-06,SYNTH-MKT,70.756675,71.515635,69.090707,69.767316,69.767316,16459394,69.751121,69.783511
2025-08-07,SYNTH-MKT,69.854783,70.566086,69.324772,70.199060,70.199060,12979234,70.180122,70.217999
2025-08-08,SYNTH-MKT,70.106099,71.126581,68.066455,68.699739,68.699739,15454037,68.682998,68.716479
2025-08-11,SYNTH-MKT,68.634036,69.428192,67.943932,68.796111,68.796111,7676355,68.781321,68.810901
2025-08-12,SYNTH-MKT,68.654608,69.956615,68.141377,69.446254,69.446254,19183910,69.429016,69.463491
2025-08-13,SYNTH-MKT,69.682804,70.721023,67.343612,68.381997,68.381997,11210580,68.366023,68.397972
2025-08-14,SYNTH-MKT,68.724680,69.154492,68.277684,68.786049,68.786049,18412039,68.768873,68.803226
2025-08-15,SYNTH-MKT,68.526734,69.309219,68.134005,68.881840,68.881840,17115225,68.866024,68.897656
2025-08-18,SYNTH-MKT,68.658157,71.703585,67.697971,70.403910,70.403910,15430181,70.385777,70.422043
2025-08-19,SYNTH-MKT,70.304196,71.711374,69.626282,71.120600,71.120600,20985541,71.100634,71.140566
2025-08-20,SYNTH-MKT,70.959805,72.081604,70.418503,71.293683,71.293683,11632091,71.275182,71.312184
2025-08-21,SYNTH-MKT,71.249586,71.820980,70.728956,71.250397,71.250397,10070226,71.234235,71.266560
2025-08-22,SYNTH-MKT,71.203633,73.310838,70.077270,72.534116,72.534116,15870083,72.515582,72.552650
2025-08-25,SYNTH-MKT,72.449782,73.046603,71.697055,72.152611,72.152611,13674135,72.131690,72.173531
2025-08-26,SYNTH-MKT,72.327789,73.034837,70.112272,70.797445,70.797445,9499118,70.779320,70.815570
2025-08-27,SYNTH-MKT,70.546237,75.308737,68.713754,73.192093,73.192093,14308090,73.169410,73.214777
2025-08-28,SYNTH-MKT,73.168888,75.794193,72.236317,74.761108,74.761108,22011042,74.741798,74.780418
2025-08-29,SYNTH-MKT,74.491751,75.477905,72.545699,73.207011,73.207011,19170497,73.189473,73.224549
2025-09-01,SYNTH-MKT,73.466289,74.034166,72.137651,72.736050,72.736050,11548207,72.717032,72.755067
2025-09-02,SYNTH-MKT,72.631933,73.286972,71.494736,72.148671,72.148671,14044501,72.132773,72.164568
2025-09-03,SYNTH-MKT,72.316027,73.078150,71.565827,72.141080,72.141080,8248836,72.125921,72.156239
2025-09-04,SYNTH-MKT,72.303924,72.938115,71.708514,72.339243,72.339243,12111755,72.322215,72.356270
2025-09-05,SYNTH-MKT,72.189732,72.999382,70.881883,71.648493,71.648493,9621075,71.631426,71.665561
2025-09-08,SYNTH-MKT,71.767450,72.681190,71.112446,72.033883,72.033883,12072276,72.016030,72.051736
2025-09-09,SYNTH-MKT,72.095056,72.923567,71.614259,72.429497,72.429497,15475562,72.408642,72.450352
2025-09-10,SYNTH-MKT,72.352766,73.134746,72.013716,72.698346,72.698346,15231449,72.681545,72.715147
2025-09-11,SYNTH-MKT,72.814808,73.426881,71.790208,72.431159,72.431159,9166139,72.413914,72.448404
2025-09-12,SYNTH-MKT,72.325768,74.009665,71.761952,73.473719,73.473719,10935268,73.454491,73.492947
2025-09-15,SYNTH-MKT,73.493778,74.175306,72.905580,73.410569,73.410569,12366027,73.393286,73.427852
2025-09-16,SYNTH-MKT,73.321228,74.233111,72.627489,73.524489,73.524489,8999222,73.507423,73.541556
2025-09-17,SYNTH-MKT,73.516920,75.095864,72.887310,74.458453,74.458453,16020243,74.440431,74.476475
2025-09-18,SYNTH-MKT,74.258305,74.742227,73.717292,74.174239,74.174239,12718860,74.157680,74.190799
2025-09-19,SYNTH-MKT,74.173819,74.731246,73.739265,74.264257,74.264257,10376915,74.244721,74.283792
2025-09-22,SYNTH-MKT,74.070874,74.911981,73.146749,74.149979,74.149979,15037062,74.133837,74.166122
2025-09-23,SYNTH-MKT,74.536234,74.924542,73.814941,74.293643,74.293643,12360550,74.273840,74.313446
2025-09-24,SYNTH-MKT,74.772582,77.904098,73.689613,76.572300,76.572300,12233098,76.551191,76.593408
2025-09-25,SYNTH-MKT,76.346009,76.847008,75.556343,76.339406,76.339406,10916315,76.321843,76.356970
2025-09-26,SYNTH-MKT,76.235678,76.800953,74.169434,74.983398,74.983398,11254727,74.962379,75.004417
2025-09-29,SYNTH-MKT,75.309631,77.078865,74.500786,76.283839,76.283839,16080042,76.262834,76.304844
2025-09-30,SYNTH-MKT,76.202920,76.869309,74.321811,75.203694,75.203694,12764249,75.182009,75.225380
2025-10-01,SYNTH-MKT,75.259904,75.916344,73.645508,74.273468,74.273468,13094822,74.249869,74.297067
2025-10-02,SYNTH-MKT,73.871058,75.339525,72.955588,74.781214,74.781214,11797867,74.764787,74.797641
2025-10-03,SYNTH-MKT,74.731729,76.644069,74.111730,75.758297,75.758297,12433256,75.739827,75.776768
2025-10-06,SYNTH-MKT,75.562522,76.158302,74.833136,75.567760,75.567760,7500979,75.551086,75.584434
2025-10-07,SYNTH-MKT,75.661240,76.478764,74.939326,75.970475,75.970475,16370421,75.953804,75.987146
2025-10-08,SYNTH-MKT,76.135886,76.856408,75.171553,75.753115,75.753115,5718999,75.736515,75.769716
2025-10-09,SYNTH-MKT,75.854599,76.594492,74.820236,75.622827,75.622827,9506134,75.606088,75.639566
2025-10-10,SYNTH-MKT,75.643125,76.281343,74.622706,75.209776,75.209776,7528218,75.191730,75.227821
2025-10-13,SYNTH-MKT,75.424038,76.527569,74.715341,75.909117,75.909117,15280077,75.891375,75.926860
2025-10-14,SYNTH-MKT,75.990007,76.525501,74.395358,75.061936,75.061936,13102831,75.042262,75.081610
2025-10-15,SYNTH-MKT,75.146651,75.913333,73.132782,73.859581,73.859581,18818861,73.842107,73.877055
2025-10-16,SYNTH-MKT,73.519425,75.299648,72.840284,74.579958,74.579958,11643506,74.560708,74.599208
2025-10-17,SYNTH-MKT,74.805783,76.472856,74.121726,75.724149,75.724149,12746051,75.705715,75.742583
2025-10-20,SYNTH-MKT,75.606907,76.750127,74.697784,75.849912,75.849912,8621258,75.830604,75.869221
2025-10-21,SYNTH-MKT,76.013416,76.726458,75.059684,75.787228,75.787228,13287760,75.770129,75.804327
2025-10-22,SYNTH-MKT,75.789180,76.771270,74.319263,74.971508,74.971508,15132240,74.954160,74.988856
2025-10-23,SYNTH-MKT,74.727806,75.522270,73.892297,74.476233,74.476233,11240099,74.456871,74.495596
2025-10-24,SYNTH-MKT,74.640300,75.746985,73.850794,75.168962,75.168962,16469882,75.152270,75.185654
2025-10-27,SYNTH-MKT,74.759620,75.870131,73.908268,75.319349,75.319349,17384201,75.300751,75.337948
2025-10-28,SYNTH-MKT,75.100424,76.333293,74.544313,75.828622,75.828622,10404728,75.810806,75.846437
2025-10-29,SYNTH-MKT,75.641239,76.346125,74.716431,75.437954,75.437954,13002307,75.420762,75.455145
2025-10-30,SYNTH-MKT,75.616807,76.312969,73.434973,74.289890,74.289890,12005105,74.270378,74.309401
2025-10-31,SYNTH-MKT,74.143826,75.453477,71.951561,72.886426,72.886426,17939215,72.867176,72.905676
2025-11-03,SYNTH-MKT,72.888173,74.295568,70.266569,71.530891,71.530891,15804955,71.513554,71.548228
2025-11-04,SYNTH-MKT,71.456806,72.125528,69.923830,70.463861,70.463861,14760498,70.446369,70.481352
2025-11-05,SYNTH-MKT,70.421022,70.753177,69.695233,70.061874,70.061874,15597381,70.044507,70.079241
2025-11-06,SYNTH-MKT,70.063630,71.821925,69.542954,70.994545,70.994545,16203134,70.975696,71.013394
2025-11-07,SYNTH-MKT,70.759793,71.554824,69.883982,70.901858,70.901858,12774979,70.884641,70.919075
2025-11-10,SYNTH-MKT,70.968544,71.737924,70.479773,71.028529,71.028529,8849176,71.010597,71.046462
2025-11-11,SYNTH-MKT,70.994885,72.252116,70.184331,71.441027,71.441027,10277063,71.425231,71.456822
2025-11-12,SYNTH-MKT,71.339035,72.396199,69.409779,70.318902,70.318902,26111021,70.302144,70.335660
2025-11-13,SYNTH-MKT,70.422797,71.034590,69.884798,70.458669,70.458669,17300838,70.442484,70.474853
2025-11-14,SYNTH-MKT,70.333725,71.177614,69.920543,70.815887,70.815887,14183584,70.795419,70.836356
2025-11-17,SYNTH-MKT,70.882453,71.278017,70.273223,70.650766,70.650766,11763086,70.635820,70.665713
2025-11-18,SYNTH-MKT,70.663503,71.304073,70.130021,70.667832,70.667832,7287314,70.647154,70.688510
2025-11-19,SYNTH-MKT,70.406549,70.994304,69.626450,70.102401,70.102401,8600477,70.086914,70.117888
2025-11-20,SYNTH-MKT,70.116576,70.770482,69.560856,70.054021,70.054021,16059227,70.037228,70.070814
2025-11-21,SYNTH-MKT,69.916339,70.506301,68.904398,69.777880,69.777880,10708336,69.759113,69.796646
2025-11-24,SYNTH-MKT,69.840500,70.829434,67.337264,68.579858,68.579858,15363791,68.562487,68.597229
